,bs_clade,bs_species,clade,phy_species,group,dN,dS,Clade.Size,W
1,1_1,Caiman_crocodilus_NC_002744.2,1,Alligator_sinensis_AF511507.1,ingroup,0.029814667,0.748260333,8,0.039845312
2,1_1,Crocodylus_palustris_MT554049.1,1,Crocodylus_palustris_MT554049.1,ingroup,0.027530667,1.080078333,18,0.025489509
3,1_10,Caiman_yacare_MT554042.1,1,Alligator_sinensis_AF511507.1,ingroup,0.029008333,0.720803,8,0.040244468
4,1_10,Crocodylus_intermedius_MT554044.1,1,Crocodylus_palustris_MT554049.1,ingroup,0.026999667,1.084987,18,0.024884784
5,1_11,Caiman_latirostris_MT554051.1,1,Alligator_sinensis_AF511507.1,ingroup,0.028028333,0.910432667,8,0.030785729
6,1_11,Crocodylus_intermedius_MT554044.1,1,Crocodylus_palustris_MT554049.1,ingroup,0.027632,1.091140667,18,0.025323958
7,1_12,Melanosuchus_niger_MT554039.1,1,Alligator_sinensis_AF511507.1,ingroup,0.029285667,0.765935333,8,0.038235169
8,1_12,Crocodylus_intermedius_MT554044.1,1,Crocodylus_palustris_MT554049.1,ingroup,0.027711667,1.071875,18,0.02585345
9,1_13,Paleosuchus_palpebrosus_MT554041.1,1,Alligator_sinensis_AF511507.1,ingroup,0.025301,0.908639667,8,0.027844921
10,1_13,Crocodylus_intermedius_MT554044.1,1,Crocodylus_palustris_MT554049.1,ingroup,0.028495667,1.131166333,18,0.025191403
11,1_14,Paleosuchus_trigonatus_MT554034.1,1,Alligator_sinensis_AF511507.1,ingroup,0.025862333,0.889498333,8,0.02907519
12,1_14,Crocodylus_intermedius_MT554044.1,1,Crocodylus_palustris_MT554049.1,ingroup,0.027215333,1.141120667,18,0.023849654
13,1_15,Alligator_mississippiensis_NC_001922.1,1,Alligator_sinensis_AF511507.1,ingroup,0.021235333,0.695730667,8,0.030522348
14,1_15,Crocodylus_intermedius_MT554044.1,1,Crocodylus_palustris_MT554049.1,ingroup,0.025906667,1.084166,18,0.02389548
15,1_16,Alligator_sinensis_AF511507.1,1,Alligator_sinensis_AF511507.1,ingroup,0.023806333,0.560025667,8,0.042509361
16,1_16,Crocodylus_intermedius_MT554044.1,1,Crocodylus_palustris_MT554049.1,ingroup,0.025568333,0.812106667,18,0.031483959
17,1_17,Caiman_crocodilus_NC_002744.2,1,Alligator_sinensis_AF511507.1,ingroup,0.029584333,0.735895,8,0.04020184
18,1_17,Crocodylus_rhombifer_MT554036.1,1,Crocodylus_palustris_MT554049.1,ingroup,0.027964333,1.122425333,18,0.024914204
19,1_18,Caiman_yacare_MT554042.1,1,Alligator_sinensis_AF511507.1,ingroup,0.028768667,0.604072,8,0.047624566
20,1_18,Crocodylus_rhombifer_MT554036.1,1,Crocodylus_palustris_MT554049.1,ingroup,0.027425,1.108247,18,0.024746289
21,1_19,Caiman_latirostris_MT554051.1,1,Alligator_sinensis_AF511507.1,ingroup,0.027848667,0.980306667,8,0.028408117
22,1_19,Crocodylus_rhombifer_MT554036.1,1,Crocodylus_palustris_MT554049.1,ingroup,0.02797,1.424899,18,0.019629461
23,1_2,Caiman_yacare_MT554042.1,1,Alligator_sinensis_AF511507.1,ingroup,0.029058,0.639171333,8,0.045461989
24,1_2,Crocodylus_palustris_MT554049.1,1,Crocodylus_palustris_MT554049.1,ingroup,0.026967,1.031997333,18,0.026130881
25,1_20,Melanosuchus_niger_MT554039.1,1,Alligator_sinensis_AF511507.1,ingroup,0.028933667,0.796753333,8,0.03631446
26,1_20,Crocodylus_rhombifer_MT554036.1,1,Crocodylus_palustris_MT554049.1,ingroup,0.027992,1.289395,18,0.021709406
27,1_21,Paleosuchus_palpebrosus_MT554041.1,1,Alligator_sinensis_AF511507.1,ingroup,0.025271,0.875036333,8,0.028879944
28,1_21,Crocodylus_rhombifer_MT554036.1,1,Crocodylus_palustris_MT554049.1,ingroup,0.029004667,1.275335333,18,0.022742777
29,1_22,Paleosuchus_trigonatus_MT554034.1,1,Alligator_sinensis_AF511507.1,ingroup,0.025815333,0.840239333,8,0.030723786
30,1_22,Crocodylus_rhombifer_MT554036.1,1,Crocodylus_palustris_MT554049.1,ingroup,0.027747667,1.216906,18,0.022801816
31,1_23,Alligator_mississippiensis_NC_001922.1,1,Alligator_sinensis_AF511507.1,ingroup,0.020816333,0.695387667,8,0.029934861
32,1_23,Crocodylus_rhombifer_MT554036.1,1,Crocodylus_palustris_MT554049.1,ingroup,0.026024667,1.268231333,18,0.020520441
33,1_24,Alligator_sinensis_AF511507.1,1,Alligator_sinensis_AF511507.1,ingroup,0.023556333,0.438087667,8,0.053770821
34,1_24,Crocodylus_rhombifer_MT554036.1,1,Crocodylus_palustris_MT554049.1,ingroup,0.026047667,0.743814667,18,0.035019028
35,1_25,Caiman_crocodilus_NC_002744.2,1,Alligator_sinensis_AF511507.1,ingroup,0.029163333,0.856976333,8,0.0340305
36,1_25,Crocodylus_niloticus_MT554047.1,1,Crocodylus_palustris_MT554049.1,ingroup,0.027680667,1.510045,18,0.018331021
37,1_26,Caiman_yacare_MT554042.1,1,Alligator_sinensis_AF511507.1,ingroup,0.028464333,0.771627667,8,0.036888689
38,1_26,Crocodylus_niloticus_MT554047.1,1,Crocodylus_palustris_MT554049.1,ingroup,0.027131667,1.573408667,18,0.017243878
39,1_27,Caiman_latirostris_MT554051.1,1,Alligator_sinensis_AF511507.1,ingroup,0.027474,0.966943,8,0.028413257
40,1_27,Crocodylus_niloticus_MT554047.1,1,Crocodylus_palustris_MT554049.1,ingroup,0.027876333,1.411487,18,0.019749621
41,1_28,Melanosuchus_niger_MT554039.1,1,Alligator_sinensis_AF511507.1,ingroup,0.028791,0.599720333,8,0.048007377
42,1_28,Crocodylus_niloticus_MT554047.1,1,Crocodylus_palustris_MT554049.1,ingroup,0.028257333,0.988249,18,0.028593334
43,1_29,Paleosuchus_palpebrosus_MT554041.1,1,Alligator_sinensis_AF511507.1,ingroup,0.024596333,0.891163,8,0.027600263
44,1_29,Crocodylus_niloticus_MT554047.1,1,Crocodylus_palustris_MT554049.1,ingroup,0.028528,1.422131,18,0.020060037
45,1_3,Caiman_latirostris_MT554051.1,1,Alligator_sinensis_AF511507.1,ingroup,0.028032667,0.904231,8,0.031001665
46,1_3,Crocodylus_palustris_MT554049.1,1,Crocodylus_palustris_MT554049.1,ingroup,0.027602667,1.142983,18,0.024149674
47,1_30,Paleosuchus_trigonatus_MT554034.1,1,Alligator_sinensis_AF511507.1,ingroup,0.025479333,0.773631333,8,0.032934723
48,1_30,Crocodylus_niloticus_MT554047.1,1,Crocodylus_palustris_MT554049.1,ingroup,0.027718,1.035308333,18,0.026772701
49,1_31,Alligator_mississippiensis_NC_001922.1,1,Alligator_sinensis_AF511507.1,ingroup,0.020168667,0.620991667,8,0.03247816
50,1_31,Crocodylus_niloticus_MT554047.1,1,Crocodylus_palustris_MT554049.1,ingroup,0.025680667,1.111350667,18,0.023107618
51,1_32,Alligator_sinensis_AF511507.1,1,Alligator_sinensis_AF511507.1,ingroup,0.022984,0.424461333,8,0.054148631
52,1_32,Crocodylus_niloticus_MT554047.1,1,Crocodylus_palustris_MT554049.1,ingroup,0.025702667,0.763550333,18,0.033662046
53,1_33,Caiman_crocodilus_NC_002744.2,1,Alligator_sinensis_AF511507.1,ingroup,0.029179667,0.826001333,8,0.035326416
54,1_33,Tomistoma_schlegelii_NC_011074.1,1,Crocodylus_palustris_MT554049.1,ingroup,0.026583333,1.512396,18,0.017576966
55,1_34,Caiman_yacare_MT554042.1,1,Alligator_sinensis_AF511507.1,ingroup,0.028766333,0.762971667,8,0.037703016
56,1_34,Tomistoma_schlegelii_NC_011074.1,1,Crocodylus_palustris_MT554049.1,ingroup,0.026313333,1.747372,18,0.015058804
57,1_35,Caiman_latirostris_MT554051.1,1,Alligator_sinensis_AF511507.1,ingroup,0.027163667,0.89949,8,0.030198965
58,1_35,Tomistoma_schlegelii_NC_011074.1,1,Crocodylus_palustris_MT554049.1,ingroup,0.026606333,1.236788333,18,0.021512439
59,1_36,Melanosuchus_niger_MT554039.1,1,Alligator_sinensis_AF511507.1,ingroup,0.028304,0.802178333,8,0.035283925
60,1_36,Tomistoma_schlegelii_NC_011074.1,1,Crocodylus_palustris_MT554049.1,ingroup,0.026759667,1.3803,18,0.019386848
61,1_37,Paleosuchus_palpebrosus_MT554041.1,1,Alligator_sinensis_AF511507.1,ingroup,0.024654,0.795820333,8,0.030979354
62,1_37,Tomistoma_schlegelii_NC_011074.1,1,Crocodylus_palustris_MT554049.1,ingroup,0.027740667,1.195155667,18,0.023210923
63,1_38,Paleosuchus_trigonatus_MT554034.1,1,Alligator_sinensis_AF511507.1,ingroup,0.025434333,0.880926667,8,0.028872248
64,1_38,Tomistoma_schlegelii_NC_011074.1,1,Crocodylus_palustris_MT554049.1,ingroup,0.026692667,1.412662667,18,0.018895287
65,1_39,Alligator_mississippiensis_NC_001922.1,1,Alligator_sinensis_AF511507.1,ingroup,0.019746667,0.440088333,8,0.04486978
66,1_39,Tomistoma_schlegelii_NC_011074.1,1,Crocodylus_palustris_MT554049.1,ingroup,0.024491,0.791803,18,0.030930673
67,1_4,Melanosuchus_niger_MT554039.1,1,Alligator_sinensis_AF511507.1,ingroup,0.029144333,0.552479,8,0.05275193
68,1_4,Crocodylus_palustris_MT554049.1,1,Crocodylus_palustris_MT554049.1,ingroup,0.027819333,0.808493,18,0.034408873
69,1_40,Alligator_sinensis_AF511507.1,1,Alligator_sinensis_AF511507.1,ingroup,0.023057667,0.416648,8,0.055340879
70,1_40,Tomistoma_schlegelii_NC_011074.1,1,Crocodylus_palustris_MT554049.1,ingroup,0.024801667,0.694337333,18,0.035719909
71,1_41,Caiman_crocodilus_NC_002744.2,1,Alligator_sinensis_AF511507.1,ingroup,0.029445333,0.570014,8,0.051657211
72,1_41,Mecistops_cataphractus_EF551000.1,1,Crocodylus_palustris_MT554049.1,ingroup,0.027983,0.7278,18,0.03844875
73,1_42,Caiman_yacare_MT554042.1,1,Alligator_sinensis_AF511507.1,ingroup,0.028832667,0.477464,8,0.060387101
74,1_42,Mecistops_cataphractus_EF551000.1,1,Crocodylus_palustris_MT554049.1,ingroup,0.027578,0.674237333,18,0.040902511
75,1_43,Caiman_latirostris_MT554051.1,1,Alligator_sinensis_AF511507.1,ingroup,0.027654333,0.895080333,8,0.030895923
76,1_43,Mecistops_cataphractus_EF551000.1,1,Crocodylus_palustris_MT554049.1,ingroup,0.027949333,1.032557667,18,0.02706806
77,1_44,Melanosuchus_niger_MT554039.1,1,Alligator_sinensis_AF511507.1,ingroup,0.028854,0.708865,8,0.040704506
78,1_44,Mecistops_cataphractus_EF551000.1,1,Crocodylus_palustris_MT554049.1,ingroup,0.028108,0.949051,18,0.029616954
79,1_45,Paleosuchus_palpebrosus_MT554041.1,1,Alligator_sinensis_AF511507.1,ingroup,0.025151,0.785607667,8,0.032014708
80,1_45,Mecistops_cataphractus_EF551000.1,1,Crocodylus_palustris_MT554049.1,ingroup,0.029060667,0.978714333,18,0.029692695
81,1_46,Paleosuchus_trigonatus_MT554034.1,1,Alligator_sinensis_AF511507.1,ingroup,0.025863667,0.747288667,8,0.034610008
82,1_46,Mecistops_cataphractus_EF551000.1,1,Crocodylus_palustris_MT554049.1,ingroup,0.027795,0.950199,18,0.029251767
83,1_47,Alligator_mississippiensis_NC_001922.1,1,Alligator_sinensis_AF511507.1,ingroup,0.020449333,0.614918667,8,0.033255347
84,1_47,Mecistops_cataphractus_EF551000.1,1,Crocodylus_palustris_MT554049.1,ingroup,0.025619333,0.901889667,18,0.028406283
85,1_48,Alligator_sinensis_AF511507.1,1,Alligator_sinensis_AF511507.1,ingroup,0.023447667,0.713247333,8,0.032874524
86,1_48,Mecistops_cataphractus_EF551000.1,1,Crocodylus_palustris_MT554049.1,ingroup,0.025783333,0.986637333,18,0.026132534
87,1_49,Caiman_crocodilus_NC_002744.2,1,Alligator_sinensis_AF511507.1,ingroup,0.028654667,0.589535,8,0.048605539
88,1_49,Gavialis_gangeticus_AB079596.1,1,Crocodylus_palustris_MT554049.1,ingroup,0.026217,0.664798333,18,0.039436019
89,1_5,Paleosuchus_palpebrosus_MT554041.1,1,Alligator_sinensis_AF511507.1,ingroup,0.025161667,0.626342333,8,0.040172387
90,1_5,Crocodylus_palustris_MT554049.1,1,Crocodylus_palustris_MT554049.1,ingroup,0.028552,0.820079,18,0.034816158
91,1_50,Caiman_yacare_MT554042.1,1,Alligator_sinensis_AF511507.1,ingroup,0.028010667,0.527199333,8,0.053131074
92,1_50,Gavialis_gangeticus_AB079596.1,1,Crocodylus_palustris_MT554049.1,ingroup,0.025718667,0.667135667,18,0.038550879
93,1_51,Caiman_latirostris_MT554051.1,1,Alligator_sinensis_AF511507.1,ingroup,0.026571667,0.668031333,8,0.039776078
94,1_51,Gavialis_gangeticus_AB079596.1,1,Crocodylus_palustris_MT554049.1,ingroup,0.026097667,0.623634,18,0.041847729
95,1_52,Melanosuchus_niger_MT554039.1,1,Alligator_sinensis_AF511507.1,ingroup,0.027668333,0.564256667,8,0.049035014
96,1_52,Gavialis_gangeticus_AB079596.1,1,Crocodylus_palustris_MT554049.1,ingroup,0.026139333,0.669407667,18,0.039048452
97,1_53,Paleosuchus_palpebrosus_MT554041.1,1,Alligator_sinensis_AF511507.1,ingroup,0.024517667,0.541298667,8,0.045294157
98,1_53,Gavialis_gangeticus_AB079596.1,1,Crocodylus_palustris_MT554049.1,ingroup,0.027563,0.581017667,18,0.047439177
99,1_54,Paleosuchus_trigonatus_MT554034.1,1,Alligator_sinensis_AF511507.1,ingroup,0.025344,0.541106,8,0.046837403
100,1_54,Gavialis_gangeticus_AB079596.1,1,Crocodylus_palustris_MT554049.1,ingroup,0.026464333,0.635184333,18,0.041664021
101,1_55,Alligator_mississippiensis_NC_001922.1,1,Alligator_sinensis_AF511507.1,ingroup,0.019676,0.425172,8,0.046277742
102,1_55,Gavialis_gangeticus_AB079596.1,1,Crocodylus_palustris_MT554049.1,ingroup,0.024271,0.577576333,18,0.042022151
103,1_56,Alligator_sinensis_AF511507.1,1,Alligator_sinensis_AF511507.1,ingroup,0.022387,0.442747,8,0.050563866
104,1_56,Gavialis_gangeticus_AB079596.1,1,Crocodylus_palustris_MT554049.1,ingroup,0.023958,0.582431333,18,0.041134463
105,1_57,Caiman_crocodilus_NC_002744.2,1,Alligator_sinensis_AF511507.1,ingroup,0.029244333,0.8325,8,0.035128328
106,1_57,Crocodylus_johnsoni_HM488008.2,1,Crocodylus_palustris_MT554049.1,ingroup,0.028266667,1.400086,18,0.020189236
107,1_58,Caiman_yacare_MT554042.1,1,Alligator_sinensis_AF511507.1,ingroup,0.028636,0.728306333,8,0.03931862
108,1_58,Crocodylus_johnsoni_HM488008.2,1,Crocodylus_palustris_MT554049.1,ingroup,0.027839667,1.371870667,18,0.020293215
109,1_59,Caiman_latirostris_MT554051.1,1,Alligator_sinensis_AF511507.1,ingroup,0.027370333,0.918804667,8,0.029789067
110,1_59,Crocodylus_johnsoni_HM488008.2,1,Crocodylus_palustris_MT554049.1,ingroup,0.028218333,1.276700667,18,0.022102545
111,1_6,Paleosuchus_trigonatus_MT554034.1,1,Alligator_sinensis_AF511507.1,ingroup,0.025967,0.835812333,8,0.031067979
112,1_6,Crocodylus_palustris_MT554049.1,1,Crocodylus_palustris_MT554049.1,ingroup,0.02732,1.162968333,18,0.023491611
113,1_60,Melanosuchus_niger_MT554039.1,1,Alligator_sinensis_AF511507.1,ingroup,0.028664,0.769330667,8,0.037258361
114,1_60,Crocodylus_johnsoni_HM488008.2,1,Crocodylus_palustris_MT554049.1,ingroup,0.028522667,1.211507333,18,0.023543123
115,1_61,Paleosuchus_palpebrosus_MT554041.1,1,Alligator_sinensis_AF511507.1,ingroup,0.024785,0.794598,8,0.031191873
116,1_61,Crocodylus_johnsoni_HM488008.2,1,Crocodylus_palustris_MT554049.1,ingroup,0.029277667,1.090825333,18,0.026839922
117,1_62,Paleosuchus_trigonatus_MT554034.1,1,Alligator_sinensis_AF511507.1,ingroup,0.025512,0.927256333,8,0.027513428
118,1_62,Crocodylus_johnsoni_HM488008.2,1,Crocodylus_palustris_MT554049.1,ingroup,0.028145667,1.404281667,18,0.02004275
119,1_63,Alligator_mississippiensis_NC_001922.1,1,Alligator_sinensis_AF511507.1,ingroup,0.020707667,0.680013667,8,0.030451839
120,1_63,Crocodylus_johnsoni_HM488008.2,1,Crocodylus_palustris_MT554049.1,ingroup,0.026659667,1.29772,18,0.020543466
121,1_64,Alligator_sinensis_AF511507.1,1,Alligator_sinensis_AF511507.1,ingroup,0.022992667,0.573098667,8,0.04011991
122,1_64,Crocodylus_johnsoni_HM488008.2,1,Crocodylus_palustris_MT554049.1,ingroup,0.025984,1.063415,18,0.024434487
123,1_65,Caiman_crocodilus_NC_002744.2,1,Alligator_sinensis_AF511507.1,ingroup,0.028938,0.891804,8,0.032448834
124,1_65,Crocodylus_mindorensis_MT554045.1,1,Crocodylus_palustris_MT554049.1,ingroup,0.027377,1.395661,18,0.019615795
125,1_66,Caiman_yacare_MT554042.1,1,Alligator_sinensis_AF511507.1,ingroup,0.028248333,0.753986667,8,0.037465296
126,1_66,Crocodylus_mindorensis_MT554045.1,1,Crocodylus_palustris_MT554049.1,ingroup,0.026861,1.277815,18,0.02102104
127,1_67,Caiman_latirostris_MT554051.1,1,Alligator_sinensis_AF511507.1,ingroup,0.027104667,1.041784,8,0.026017549
128,1_67,Crocodylus_mindorensis_MT554045.1,1,Crocodylus_palustris_MT554049.1,ingroup,0.027384,1.440153667,18,0.019014638
129,1_68,Melanosuchus_niger_MT554039.1,1,Alligator_sinensis_AF511507.1,ingroup,0.028312,0.87021,8,0.032534676
130,1_68,Crocodylus_mindorensis_MT554045.1,1,Crocodylus_palustris_MT554049.1,ingroup,0.027492667,1.475679667,18,0.018630511
131,1_69,Paleosuchus_palpebrosus_MT554041.1,1,Alligator_sinensis_AF511507.1,ingroup,0.024387,0.929170667,8,0.026245986
132,1_69,Crocodylus_mindorensis_MT554045.1,1,Crocodylus_palustris_MT554049.1,ingroup,0.028398,1.262523667,18,0.022493044
133,1_7,Alligator_mississippiensis_NC_001922.1,1,Alligator_sinensis_AF511507.1,ingroup,0.020651333,0.764562667,8,0.027010648
134,1_7,Crocodylus_palustris_MT554049.1,1,Crocodylus_palustris_MT554049.1,ingroup,0.025528,1.211132333,18,0.021077796
135,1_70,Paleosuchus_trigonatus_MT554034.1,1,Alligator_sinensis_AF511507.1,ingroup,0.025308,0.896399333,8,0.028232953
136,1_70,Crocodylus_mindorensis_MT554045.1,1,Crocodylus_palustris_MT554049.1,ingroup,0.027518333,1.205874333,18,0.022820233
137,1_71,Alligator_mississippiensis_NC_001922.1,1,Alligator_sinensis_AF511507.1,ingroup,0.020387333,0.736118,8,0.027695741
138,1_71,Crocodylus_mindorensis_MT554045.1,1,Crocodylus_palustris_MT554049.1,ingroup,0.025880333,1.304121667,18,0.01984503
139,1_72,Alligator_sinensis_AF511507.1,1,Alligator_sinensis_AF511507.1,ingroup,0.022891667,0.737087,8,0.03105694
140,1_72,Crocodylus_mindorensis_MT554045.1,1,Crocodylus_palustris_MT554049.1,ingroup,0.025448667,1.25321,18,0.020306786
141,1_73,Caiman_crocodilus_NC_002744.2,1,Alligator_sinensis_AF511507.1,ingroup,0.029895333,0.808862667,8,0.036959715
142,1_73,Crocodylus_acutus_MT554043.1,1,Crocodylus_palustris_MT554049.1,ingroup,0.027764333,1.088205,18,0.025513881
143,1_74,Caiman_yacare_MT554042.1,1,Alligator_sinensis_AF511507.1,ingroup,0.029148667,0.752564667,8,0.038732441
144,1_74,Crocodylus_acutus_MT554043.1,1,Crocodylus_palustris_MT554049.1,ingroup,0.027173333,1.157314,18,0.023479655
145,1_75,Caiman_latirostris_MT554051.1,1,Alligator_sinensis_AF511507.1,ingroup,0.028168,0.864918333,8,0.032567237
146,1_75,Crocodylus_acutus_MT554043.1,1,Crocodylus_palustris_MT554049.1,ingroup,0.027850333,1.014910333,18,0.027441176
147,1_76,Melanosuchus_niger_MT554039.1,1,Alligator_sinensis_AF511507.1,ingroup,0.029303333,0.751294,8,0.039003817
148,1_76,Crocodylus_acutus_MT554043.1,1,Crocodylus_palustris_MT554049.1,ingroup,0.027903,1.016222667,18,0.027457565
149,1_77,Paleosuchus_palpebrosus_MT554041.1,1,Alligator_sinensis_AF511507.1,ingroup,0.025436667,0.888578,8,0.028626262
150,1_77,Crocodylus_acutus_MT554043.1,1,Crocodylus_palustris_MT554049.1,ingroup,0.02864,1.107155667,18,0.025868088
151,1_78,Paleosuchus_trigonatus_MT554034.1,1,Alligator_sinensis_AF511507.1,ingroup,0.026003,0.87737,8,0.029637439
152,1_78,Crocodylus_acutus_MT554043.1,1,Crocodylus_palustris_MT554049.1,ingroup,0.027346,1.143045333,18,0.023923811
153,1_79,Alligator_mississippiensis_NC_001922.1,1,Alligator_sinensis_AF511507.1,ingroup,0.021313333,0.702651667,8,0.030332716
154,1_79,Crocodylus_acutus_MT554043.1,1,Crocodylus_palustris_MT554049.1,ingroup,0.025994333,1.107146667,18,0.023478672
155,1_8,Alligator_sinensis_AF511507.1,1,Alligator_sinensis_AF511507.1,ingroup,0.023213667,0.521025667,8,0.044553787
156,1_8,Crocodylus_palustris_MT554049.1,1,Crocodylus_palustris_MT554049.1,ingroup,0.025089,0.932424667,18,0.026907268
157,1_80,Alligator_sinensis_AF511507.1,1,Alligator_sinensis_AF511507.1,ingroup,0.024001333,0.510754333,8,0.046991933
158,1_80,Crocodylus_acutus_MT554043.1,1,Crocodylus_palustris_MT554049.1,ingroup,0.025737667,0.778491,18,0.033060969
159,1_9,Caiman_crocodilus_NC_002744.2,1,Alligator_sinensis_AF511507.1,ingroup,0.029763333,0.781681,8,0.038076061
160,1_9,Crocodylus_intermedius_MT554044.1,1,Crocodylus_palustris_MT554049.1,ingroup,0.027575,1.05567,18,0.026120852
161,10_1,Geocalamus_acutus_AB162909.1,10,Amphisbaena_schmidti__AY605475.1,ingroup,0.027783667,1.20636,65,0.023030991
162,10_1,Diplometopon_zarudnyi__AY605474.1,10,Diplometopon_zarudnyi__AY605474.1,ingroup,0.021087667,0.999107667,4,0.021106501
163,10_2,Amphisbaena_schmidti__AY605475.1,10,Amphisbaena_schmidti__AY605475.1,ingroup,0.02473,1.069006667,65,0.023133626
164,10_2,Diplometopon_zarudnyi__AY605474.1,10,Diplometopon_zarudnyi__AY605474.1,ingroup,0.022141333,1.534761333,4,0.014426564
165,11_1,Shinisaurus_crocodilurus_AB080274.1,11,Shinisaurus_crocodilurus_AB080274.1,ingroup,0.021832333,8.565765667,1,0.002548789
166,11_1,Varanus_salvator_EU747731.1,11,Varanus_salvator_EU747731.1,ingroup,0.03836,21.13480267,66,0.001815016
167,11_2,Shinisaurus_crocodilurus_AB080274.1,11,Shinisaurus_crocodilurus_AB080274.1,ingroup,0.021537333,11.69770267,1,0.001841159
168,11_2,Varanus_niloticus_AB185327.1,11,Varanus_salvator_EU747731.1,ingroup,0.039500333,21.246365,66,0.001859157
169,12_1,Heloderma_suspectum_AB167711.1,12,Heloderma_suspectum_AB167711.1,ingroup,0.025748333,1.849099667,14,0.013924795
170,12_1,Anguis_graeca_KX236331.1,12,Anguis_graeca_KX236331.1,ingroup,0.028049,0.867804667,111,0.03232179
171,12_2,Heloderma_suspectum_AB167711.1,12,Heloderma_suspectum_AB167711.1,ingroup,0.025795,2.50703,14,0.010289067
172,12_2,Anguis_colchica_KX236330.1,12,Anguis_graeca_KX236331.1,ingroup,0.027365,1.076856667,111,0.025411924
173,12_3,Heloderma_suspectum_AB167711.1,12,Heloderma_suspectum_AB167711.1,ingroup,0.025719,2.187526333,14,0.011757116
174,12_3,Anguis_fragilis_EU443256.1,12,Anguis_graeca_KX236331.1,ingroup,0.027409333,0.971489333,111,0.028213725
175,12_4,Heloderma_suspectum_AB167711.1,12,Heloderma_suspectum_AB167711.1,ingroup,0.025822667,1.602998333,14,0.016108979
176,12_4,Anguis_cephallonica_KU052866.1,12,Anguis_graeca_KX236331.1,ingroup,0.027603,0.914566,111,0.030181529
177,12_5,Heloderma_suspectum_AB167711.1,12,Heloderma_suspectum_AB167711.1,ingroup,0.025494333,1.758204333,14,0.014500211
178,12_5,Anguis_veronensis_KX236332.1,12,Anguis_graeca_KX236331.1,ingroup,0.027383333,0.883401333,111,0.030997614
179,12_6,Heloderma_suspectum_AB167711.1,12,Heloderma_suspectum_AB167711.1,ingroup,0.02479,1.471132333,14,0.016850965
180,12_6,Dopasia_gracilis_KJ941042.1,12,Anguis_graeca_KX236331.1,ingroup,0.029075,0.997873,111,0.029136974
181,12_7,Heloderma_suspectum_AB167711.1,12,Heloderma_suspectum_AB167711.1,ingroup,0.024505667,2.352879667,14,0.010415181
182,12_7,Ophisaurus_harti_KF806482.1,12,Anguis_graeca_KX236331.1,ingroup,0.027627667,1.030416333,111,0.02681214
183,12_8,Heloderma_suspectum_AB167711.1,12,Heloderma_suspectum_AB167711.1,ingroup,0.024636,2.099671,14,0.011733267
184,12_8,Abronia_graminea_AB080273.1,12,Anguis_graeca_KX236331.1,ingroup,0.029003333,1.366851667,111,0.021219079
385,14_1,Polychrus_marmoratus_AB266749.1,14,Polychrus_marmoratus_AB266749.1,ingroup,0.019925,0.964078333,326,0.020667408
386,14_1,Oplurus_grandidieri_AB218720.1,14,Oplurus_grandidieri_AB218720.1,ingroup,0.01684,1.34257,60,0.012543108
387,14_2,Polychrus_marmoratus_AB266749.1,14,Polychrus_marmoratus_AB266749.1,ingroup,0.019698667,0.932930667,326,0.021114824
388,14_2,Chalarodon_madagascariensis_AB266748.1,14,Oplurus_grandidieri_AB218720.1,ingroup,0.017758,0.748514,60,0.023724339
389,15_1,Conolophus_subcristatus_KT277936.1,15,Cyclura_pinguis_NC_027089.1,ingroup,0.013994,0.561685667,40,0.024914291
390,15_1,Leiocephalus_personatus_AB266739.1,15,Leiocephalus_personatus_AB266739.1,ingroup,0.016285333,1.646131667,15,0.009893093
391,15_2,Amblyrhynchus_cristatus_KT277937.1,15,Cyclura_pinguis_NC_027089.1,ingroup,0.013263,0.567107333,40,0.023387107
392,15_2,Leiocephalus_personatus_AB266739.1,15,Leiocephalus_personatus_AB266739.1,ingroup,0.017201333,1.283343,15,0.013403535
393,15_3,Iguana_iguana_NC_002793.1,15,Cyclura_pinguis_NC_027089.1,ingroup,0.013597667,0.657344,40,0.02068577
394,15_3,Leiocephalus_personatus_AB266739.1,15,Leiocephalus_personatus_AB266739.1,ingroup,0.017144667,1.159403,15,0.014787496
395,15_4,Iguana_delicatissima_MK923980.1,15,Cyclura_pinguis_NC_027089.1,ingroup,0.01378,0.584909667,40,0.023559193
396,15_4,Leiocephalus_personatus_AB266739.1,15,Leiocephalus_personatus_AB266739.1,ingroup,0.016921,2.118562,15,0.007987021
397,15_5,Cyclura_pinguis_NC_027089.1,15,Cyclura_pinguis_NC_027089.1,ingroup,0.017025667,0.97575,40,0.0174488
398,15_5,Leiocephalus_personatus_AB266739.1,15,Leiocephalus_personatus_AB266739.1,ingroup,0.016797667,2.539951,15,0.006613382
399,16_1,Gambelia_wislizenii_AB218884.1,16,Gambelia_wislizenii_AB218884.1,ingroup,0.013807667,0.645829333,12,0.021379745
400,16_1,Basiliscus_vittatus_AB218883.1,16,Basiliscus_vittatus_AB218883.1,ingroup,0.015175,0.771843333,8,0.019660726
401,17_1,Tropidophis_haetianus_FJ755181.1,17,Tropidophis_haetianus_FJ755181.1,ingroup,0.022543667,1.307823,10,0.017237552
402,17_1,Anilius_scytale_FJ755180.1,17,Anilius_scytale_FJ755180.1,ingroup,0.017783,1.072515333,1,0.016580649
403,18_1,Xenopeltis_unicolor_AB179620.1,18,Xenopeltis_unicolor_AB179620.1,ingroup,0.010683667,0.588545333,1,0.018152666
404,18_1,Python_bivittatus_KF010492.1,18,Python_bivittatus_KF010492.1,ingroup,0.009914,0.617467,35,0.016055919
405,19_1,Opisthotropis_latouchii_MK570292.1,19,Oligodon_chinensis_MK347418.1,ingroup,0.018498,0.749012333,990,0.024696523
406,19_1,Sinomicrurus_macclellandi__MT547176.1,19,Hydrophis_melanocephalus_MK775532.1,ingroup,0.017035667,0.814464667,572,0.020916397
407,19_10,Hypsiglena_slevini_NC_013987.1,19,Oligodon_chinensis_MK347418.1,ingroup,0.014369667,0.528280333,990,0.027200836
408,19_10,Sinomicrurus_macclellandi__MT547176.1,19,Hydrophis_melanocephalus_MK775532.1,ingroup,0.017735333,0.624352333,572,0.028405969
409,19_100,Hypsiglena_slevini_NC_013987.1,19,Oligodon_chinensis_MK347418.1,ingroup,0.014511,0.533824667,990,0.027183083
410,19_100,Ophiophagus_hannah_EU921899.1,19,Hydrophis_melanocephalus_MK775532.1,ingroup,0.015809,0.398810333,572,0.039640397
411,19_11,Opisthotropis_latouchii_MK570292.1,19,Oligodon_chinensis_MK347418.1,ingroup,0.017533333,0.552080667,990,0.031758644
412,19_11,Naja_atra__EU913475.1,19,Hydrophis_melanocephalus_MK775532.1,ingroup,0.017200333,0.627098333,572,0.027428447
413,19_12,Elaphe_poryphyracea_GQ181130.1,19,Oligodon_chinensis_MK347418.1,ingroup,0.014392667,0.440908333,990,0.032643218
414,19_12,Naja_atra__EU913475.1,19,Hydrophis_melanocephalus_MK775532.1,ingroup,0.018347,0.707752667,572,0.025922898
415,19_13,Oligodon_chinensis_MK347418.1,19,Oligodon_chinensis_MK347418.1,ingroup,0.017292,0.672349667,990,0.02571876
416,19_13,Naja_atra__EU913475.1,19,Hydrophis_melanocephalus_MK775532.1,ingroup,0.018992667,0.738380667,572,0.025722053
417,19_14,Thermophis_zhaoermii_GQ166168.1,19,Oligodon_chinensis_MK347418.1,ingroup,0.014064333,0.289205,990,0.048631017
418,19_14,Naja_atra__EU913475.1,19,Hydrophis_melanocephalus_MK775532.1,ingroup,0.016851,0.594845667,572,0.028328356
419,19_15,Ptyas_dhumnades_KR812112.1,19,Oligodon_chinensis_MK347418.1,ingroup,0.013521,0.478781333,990,0.028240449
420,19_15,Naja_atra__EU913475.1,19,Hydrophis_melanocephalus_MK775532.1,ingroup,0.018984667,0.773337,572,0.024549022
421,19_16,Rhabdophis_tigrinus__KU641019.1,19,Oligodon_chinensis_MK347418.1,ingroup,0.019256,0.65327,990,0.029476327
422,19_16,Naja_atra__EU913475.1,19,Hydrophis_melanocephalus_MK775532.1,ingroup,0.018045333,0.721366,572,0.025015503
423,19_17,Elaphe_davidi_KM401547.1,19,Oligodon_chinensis_MK347418.1,ingroup,0.016490667,0.563211667,990,0.029279697
424,19_17,Naja_atra__EU913475.1,19,Hydrophis_melanocephalus_MK775532.1,ingroup,0.019293667,0.611040333,572,0.031575112
425,19_18,Hebius_vibakari_ruthveni_KP684155.1,19,Oligodon_chinensis_MK347418.1,ingroup,0.017409,0.849855667,990,0.020484655
426,19_18,Naja_atra__EU913475.1,19,Hydrophis_melanocephalus_MK775532.1,ingroup,0.017883333,0.904204333,572,0.019777978
427,19_19,Orthriophis_taeniurus_KC990021.1,19,Oligodon_chinensis_MK347418.1,ingroup,0.014546333,0.560497333,990,0.025952547
428,19_19,Naja_atra__EU913475.1,19,Hydrophis_melanocephalus_MK775532.1,ingroup,0.018917667,0.638974333,572,0.029606301
429,19_2,Elaphe_poryphyracea_GQ181130.1,19,Oligodon_chinensis_MK347418.1,ingroup,0.015381333,0.450613333,990,0.034134217
430,19_2,Sinomicrurus_macclellandi__MT547176.1,19,Hydrophis_melanocephalus_MK775532.1,ingroup,0.017917,0.730121,572,0.024539768
431,19_20,Hypsiglena_slevini_NC_013987.1,19,Oligodon_chinensis_MK347418.1,ingroup,0.013806,0.519586333,990,0.026571138
432,19_20,Naja_atra__EU913475.1,19,Hydrophis_melanocephalus_MK775532.1,ingroup,0.01837,0.732902667,572,0.02506472
433,19_21,Opisthotropis_latouchii_MK570292.1,19,Oligodon_chinensis_MK347418.1,ingroup,0.018711,0.567341667,990,0.032980127
434,19_21,Bungarus_multicinctus_EU579522.1,19,Hydrophis_melanocephalus_MK775532.1,ingroup,0.019143333,0.627470667,572,0.03050873
435,19_22,Elaphe_poryphyracea_GQ181130.1,19,Oligodon_chinensis_MK347418.1,ingroup,0.015164667,0.473678333,990,0.032014694
436,19_22,Bungarus_multicinctus_EU579522.1,19,Hydrophis_melanocephalus_MK775532.1,ingroup,0.019688,0.752204,572,0.026173751
437,19_23,Oligodon_chinensis_MK347418.1,19,Oligodon_chinensis_MK347418.1,ingroup,0.017712,0.693722333,990,0.025531829
438,19_23,Bungarus_multicinctus_EU579522.1,19,Hydrophis_melanocephalus_MK775532.1,ingroup,0.020115,0.740081333,572,0.027179445
439,19_24,Thermophis_zhaoermii_GQ166168.1,19,Oligodon_chinensis_MK347418.1,ingroup,0.015576333,0.416631667,990,0.03738634
440,19_24,Bungarus_multicinctus_EU579522.1,19,Hydrophis_melanocephalus_MK775532.1,ingroup,0.019014333,0.703822667,572,0.027015801
441,19_25,Ptyas_dhumnades_KR812112.1,19,Oligodon_chinensis_MK347418.1,ingroup,0.014042667,0.504499333,990,0.027834857
442,19_25,Bungarus_multicinctus_EU579522.1,19,Hydrophis_melanocephalus_MK775532.1,ingroup,0.020173,0.774409,572,0.026049542
443,19_26,Rhabdophis_tigrinus__KU641019.1,19,Oligodon_chinensis_MK347418.1,ingroup,0.020169667,0.781275,990,0.025816347
444,19_26,Bungarus_multicinctus_EU579522.1,19,Hydrophis_melanocephalus_MK775532.1,ingroup,0.019620667,0.929835333,572,0.021101227
445,19_27,Elaphe_davidi_KM401547.1,19,Oligodon_chinensis_MK347418.1,ingroup,0.015965667,0.657272667,990,0.024290781
446,19_27,Bungarus_multicinctus_EU579522.1,19,Hydrophis_melanocephalus_MK775532.1,ingroup,0.019502667,0.648028667,572,0.030095376
447,19_28,Hebius_vibakari_ruthveni_KP684155.1,19,Oligodon_chinensis_MK347418.1,ingroup,0.017329333,0.797009,990,0.021742958
448,19_28,Bungarus_multicinctus_EU579522.1,19,Hydrophis_melanocephalus_MK775532.1,ingroup,0.018723,0.81803,572,0.022887914
449,19_29,Orthriophis_taeniurus_KC990021.1,19,Oligodon_chinensis_MK347418.1,ingroup,0.014703,0.633104667,990,0.023223648
450,19_29,Bungarus_multicinctus_EU579522.1,19,Hydrophis_melanocephalus_MK775532.1,ingroup,0.019892333,0.623089,572,0.031925348
451,19_3,Oligodon_chinensis_MK347418.1,19,Oligodon_chinensis_MK347418.1,ingroup,0.017268667,0.691588333,990,0.024969575
452,19_3,Sinomicrurus_macclellandi__MT547176.1,19,Hydrophis_melanocephalus_MK775532.1,ingroup,0.017597,0.743021,572,0.023683045
453,19_30,Hypsiglena_slevini_NC_013987.1,19,Oligodon_chinensis_MK347418.1,ingroup,0.014199,0.551099333,990,0.025764865
454,19_30,Bungarus_multicinctus_EU579522.1,19,Hydrophis_melanocephalus_MK775532.1,ingroup,0.019450667,0.690857667,572,0.028154376
455,19_31,Opisthotropis_latouchii_MK570292.1,19,Oligodon_chinensis_MK347418.1,ingroup,0.017722,0.521953333,990,0.033953227
456,19_31,Naja_kaouthia_LC431744.1,19,Hydrophis_melanocephalus_MK775532.1,ingroup,0.016677333,0.504331333,572,0.033068208
457,19_32,Elaphe_poryphyracea_GQ181130.1,19,Oligodon_chinensis_MK347418.1,ingroup,0.014553333,0.428495667,990,0.033963782
458,19_32,Naja_kaouthia_LC431744.1,19,Hydrophis_melanocephalus_MK775532.1,ingroup,0.017796,0.592256667,572,0.030047783
459,19_33,Oligodon_chinensis_MK347418.1,19,Oligodon_chinensis_MK347418.1,ingroup,0.017440667,0.668116,990,0.026104249
460,19_33,Naja_kaouthia_LC431744.1,19,Hydrophis_melanocephalus_MK775532.1,ingroup,0.018352667,0.657083,572,0.027930515
461,19_34,Thermophis_zhaoermii_GQ166168.1,19,Oligodon_chinensis_MK347418.1,ingroup,0.014213667,0.317752333,990,0.044731903
462,19_34,Naja_kaouthia_LC431744.1,19,Hydrophis_melanocephalus_MK775532.1,ingroup,0.01622,0.526653,572,0.030798268
463,19_35,Ptyas_dhumnades_KR812112.1,19,Oligodon_chinensis_MK347418.1,ingroup,0.013882667,0.485311667,990,0.028605673
464,19_35,Naja_kaouthia_LC431744.1,19,Hydrophis_melanocephalus_MK775532.1,ingroup,0.018576333,0.682761,572,0.027207666
465,19_36,Rhabdophis_tigrinus__KU641019.1,19,Oligodon_chinensis_MK347418.1,ingroup,0.01947,0.69122,990,0.028167588
466,19_36,Naja_kaouthia_LC431744.1,19,Hydrophis_melanocephalus_MK775532.1,ingroup,0.017551333,0.677306,572,0.025913447
467,19_37,Elaphe_davidi_KM401547.1,19,Oligodon_chinensis_MK347418.1,ingroup,0.016521333,0.526711667,990,0.03136694
468,19_37,Naja_kaouthia_LC431744.1,19,Hydrophis_melanocephalus_MK775532.1,ingroup,0.018496667,0.518621,572,0.035665094
469,19_38,Hebius_vibakari_ruthveni_KP684155.1,19,Oligodon_chinensis_MK347418.1,ingroup,0.017459,0.712832,990,0.024492447
470,19_38,Naja_kaouthia_LC431744.1,19,Hydrophis_melanocephalus_MK775532.1,ingroup,0.01719,0.657707333,572,0.026136245
471,19_39,Orthriophis_taeniurus_KC990021.1,19,Oligodon_chinensis_MK347418.1,ingroup,0.014716,0.489410333,990,0.030068838
472,19_39,Naja_kaouthia_LC431744.1,19,Hydrophis_melanocephalus_MK775532.1,ingroup,0.0184,0.483599667,572,0.038048
473,19_4,Thermophis_zhaoermii_GQ166168.1,19,Oligodon_chinensis_MK347418.1,ingroup,0.014887667,0.322522667,990,0.046160063
474,19_4,Sinomicrurus_macclellandi__MT547176.1,19,Hydrophis_melanocephalus_MK775532.1,ingroup,0.016417,0.559961,572,0.029318113
475,19_40,Hypsiglena_slevini_NC_013987.1,19,Oligodon_chinensis_MK347418.1,ingroup,0.013970667,0.520803333,990,0.026825225
476,19_40,Naja_kaouthia_LC431744.1,19,Hydrophis_melanocephalus_MK775532.1,ingroup,0.017829333,0.608113333,572,0.029319096
477,19_41,Opisthotropis_latouchii_MK570292.1,19,Oligodon_chinensis_MK347418.1,ingroup,0.018017,0.849898333,990,0.021199006
478,19_41,Hydrophis_melanocephalus_MK775532.1,19,Hydrophis_melanocephalus_MK775532.1,ingroup,0.023843333,0.763381667,572,0.03123383
479,19_42,Elaphe_poryphyracea_GQ181130.1,19,Oligodon_chinensis_MK347418.1,ingroup,0.014747667,0.605217333,990,0.024367555
480,19_42,Hydrophis_melanocephalus_MK775532.1,19,Hydrophis_melanocephalus_MK775532.1,ingroup,0.024611,0.898275667,572,0.027398048
481,19_43,Oligodon_chinensis_MK347418.1,19,Oligodon_chinensis_MK347418.1,ingroup,0.016978,1.063279333,990,0.015967582
482,19_43,Hydrophis_melanocephalus_MK775532.1,19,Hydrophis_melanocephalus_MK775532.1,ingroup,0.024579333,0.978989667,572,0.025106836
483,19_44,Thermophis_zhaoermii_GQ166168.1,19,Oligodon_chinensis_MK347418.1,ingroup,0.014517,0.404131,990,0.03592152
484,19_44,Hydrophis_melanocephalus_MK775532.1,19,Hydrophis_melanocephalus_MK775532.1,ingroup,0.023439667,0.663041,572,0.035351761
485,19_45,Ptyas_dhumnades_KR812112.1,19,Oligodon_chinensis_MK347418.1,ingroup,0.013535,0.632436333,990,0.021401364
486,19_45,Hydrophis_melanocephalus_MK775532.1,19,Hydrophis_melanocephalus_MK775532.1,ingroup,0.024962667,0.911852,572,0.027375788
487,19_46,Rhabdophis_tigrinus__KU641019.1,19,Oligodon_chinensis_MK347418.1,ingroup,0.018799333,0.683357,990,0.027510267
488,19_46,Hydrophis_melanocephalus_MK775532.1,19,Hydrophis_melanocephalus_MK775532.1,ingroup,0.023833667,0.692153667,572,0.034434068
489,19_47,Elaphe_davidi_KM401547.1,19,Oligodon_chinensis_MK347418.1,ingroup,0.015531333,0.615818667,990,0.025220628
490,19_47,Hydrophis_melanocephalus_MK775532.1,19,Hydrophis_melanocephalus_MK775532.1,ingroup,0.024534333,0.549958,572,0.044611285
491,19_48,Hebius_vibakari_ruthveni_KP684155.1,19,Oligodon_chinensis_MK347418.1,ingroup,0.016186333,0.658582,990,0.024577552
492,19_48,Hydrophis_melanocephalus_MK775532.1,19,Hydrophis_melanocephalus_MK775532.1,ingroup,0.022825,0.557127,572,0.040969115
493,19_49,Orthriophis_taeniurus_KC990021.1,19,Oligodon_chinensis_MK347418.1,ingroup,0.013992667,0.937168,990,0.014930799
494,19_49,Hydrophis_melanocephalus_MK775532.1,19,Hydrophis_melanocephalus_MK775532.1,ingroup,0.024278667,0.869957667,572,0.027907871
495,19_5,Ptyas_dhumnades_KR812112.1,19,Oligodon_chinensis_MK347418.1,ingroup,0.013707667,0.476678333,990,0.028756639
496,19_5,Sinomicrurus_macclellandi__MT547176.1,19,Hydrophis_melanocephalus_MK775532.1,ingroup,0.018081,0.713613667,572,0.025337239
497,19_50,Hypsiglena_slevini_NC_013987.1,19,Oligodon_chinensis_MK347418.1,ingroup,0.015115333,0.606026667,990,0.024941697
498,19_50,Hydrophis_melanocephalus_MK775532.1,19,Hydrophis_melanocephalus_MK775532.1,ingroup,0.025737667,0.657209,572,0.039162073
499,19_51,Opisthotropis_latouchii_MK570292.1,19,Oligodon_chinensis_MK347418.1,ingroup,0.018883,0.640184333,990,0.029496192
500,19_51,Micrurus_fulvius_GU045453.1,19,Hydrophis_melanocephalus_MK775532.1,ingroup,0.019699333,0.547745333,572,0.035964402
501,19_52,Elaphe_poryphyracea_GQ181130.1,19,Oligodon_chinensis_MK347418.1,ingroup,0.015640333,0.486603333,990,0.032141854
502,19_52,Micrurus_fulvius_GU045453.1,19,Hydrophis_melanocephalus_MK775532.1,ingroup,0.020519,0.654516,572,0.031349883
503,19_53,Oligodon_chinensis_MK347418.1,19,Oligodon_chinensis_MK347418.1,ingroup,0.018024,0.711165,990,0.025344329
504,19_53,Micrurus_fulvius_GU045453.1,19,Hydrophis_melanocephalus_MK775532.1,ingroup,0.020657,0.625845667,572,0.03300654
505,19_54,Thermophis_zhaoermii_GQ166168.1,19,Oligodon_chinensis_MK347418.1,ingroup,0.016034,0.367070667,990,0.043680962
506,19_54,Micrurus_fulvius_GU045453.1,19,Hydrophis_melanocephalus_MK775532.1,ingroup,0.019762667,0.520055,572,0.038001109
507,19_55,Ptyas_dhumnades_KR812112.1,19,Oligodon_chinensis_MK347418.1,ingroup,0.014598667,0.553419,990,0.026379049
508,19_55,Micrurus_fulvius_GU045453.1,19,Hydrophis_melanocephalus_MK775532.1,ingroup,0.021118667,0.685141333,572,0.030823811
509,19_56,Rhabdophis_tigrinus__KU641019.1,19,Oligodon_chinensis_MK347418.1,ingroup,0.020084,0.734276,990,0.027352113
510,19_56,Micrurus_fulvius_GU045453.1,19,Hydrophis_melanocephalus_MK775532.1,ingroup,0.019972667,0.722272333,572,0.027652543
511,19_57,Elaphe_davidi_KM401547.1,19,Oligodon_chinensis_MK347418.1,ingroup,0.01724,0.558400667,990,0.030873889
512,19_57,Micrurus_fulvius_GU045453.1,19,Hydrophis_melanocephalus_MK775532.1,ingroup,0.021281,0.486963333,572,0.043701442
513,19_58,Hebius_vibakari_ruthveni_KP684155.1,19,Oligodon_chinensis_MK347418.1,ingroup,0.018135333,0.770099333,990,0.023549343
514,19_58,Micrurus_fulvius_GU045453.1,19,Hydrophis_melanocephalus_MK775532.1,ingroup,0.019794333,0.679304333,572,0.029139124
515,19_59,Orthriophis_taeniurus_KC990021.1,19,Oligodon_chinensis_MK347418.1,ingroup,0.015399,0.581002667,990,0.026504181
516,19_59,Micrurus_fulvius_GU045453.1,19,Hydrophis_melanocephalus_MK775532.1,ingroup,0.020965667,0.511222333,572,0.041010858
517,19_6,Rhabdophis_tigrinus__KU641019.1,19,Oligodon_chinensis_MK347418.1,ingroup,0.019967333,0.576332,990,0.03464554
518,19_6,Sinomicrurus_macclellandi__MT547176.1,19,Hydrophis_melanocephalus_MK775532.1,ingroup,0.017581667,0.64501,572,0.027257975
519,19_60,Hypsiglena_slevini_NC_013987.1,19,Oligodon_chinensis_MK347418.1,ingroup,0.015062667,0.479269,990,0.031428418
520,19_60,Micrurus_fulvius_GU045453.1,19,Hydrophis_melanocephalus_MK775532.1,ingroup,0.020881333,0.505025333,572,0.041347101
521,19_61,Opisthotropis_latouchii_MK570292.1,19,Oligodon_chinensis_MK347418.1,ingroup,0.018267,0.507027,990,0.036027667
522,19_61,Laticauda_colubrina_KY496324.1,19,Hydrophis_melanocephalus_MK775532.1,ingroup,0.023019333,0.723243667,572,0.031827909
523,19_62,Elaphe_poryphyracea_GQ181130.1,19,Oligodon_chinensis_MK347418.1,ingroup,0.014616333,0.400744333,990,0.036472963
524,19_62,Laticauda_colubrina_KY496324.1,19,Hydrophis_melanocephalus_MK775532.1,ingroup,0.023541667,0.731864,572,0.032166723
525,19_63,Oligodon_chinensis_MK347418.1,19,Oligodon_chinensis_MK347418.1,ingroup,0.017452333,0.710189,990,0.02457421
526,19_63,Laticauda_colubrina_KY496324.1,19,Hydrophis_melanocephalus_MK775532.1,ingroup,0.023922667,0.897772667,572,0.026646686
527,19_64,Thermophis_zhaoermii_GQ166168.1,19,Oligodon_chinensis_MK347418.1,ingroup,0.014428333,0.311073667,990,0.046382368
528,19_64,Laticauda_colubrina_KY496324.1,19,Hydrophis_melanocephalus_MK775532.1,ingroup,0.022063333,0.692028,572,0.03188214
529,19_65,Ptyas_dhumnades_KR812112.1,19,Oligodon_chinensis_MK347418.1,ingroup,0.013742333,0.493413,990,0.027851583
530,19_65,Laticauda_colubrina_KY496324.1,19,Hydrophis_melanocephalus_MK775532.1,ingroup,0.024038,0.879495333,572,0.027331583
531,19_66,Rhabdophis_tigrinus__KU641019.1,19,Oligodon_chinensis_MK347418.1,ingroup,0.019343667,0.608631,990,0.031782257
532,19_66,Laticauda_colubrina_KY496324.1,19,Hydrophis_melanocephalus_MK775532.1,ingroup,0.023182667,0.794319333,572,0.029185575
533,19_67,Elaphe_davidi_KM401547.1,19,Oligodon_chinensis_MK347418.1,ingroup,0.015654333,0.611874,990,0.025584243
534,19_67,Laticauda_colubrina_KY496324.1,19,Hydrophis_melanocephalus_MK775532.1,ingroup,0.023479667,0.643772667,572,0.036471984
535,19_68,Hebius_vibakari_ruthveni_KP684155.1,19,Oligodon_chinensis_MK347418.1,ingroup,0.016938,0.601926,990,0.028139672
536,19_68,Laticauda_colubrina_KY496324.1,19,Hydrophis_melanocephalus_MK775532.1,ingroup,0.022417667,0.799327333,572,0.028045665
537,19_69,Orthriophis_taeniurus_KC990021.1,19,Oligodon_chinensis_MK347418.1,ingroup,0.014912333,0.515948667,990,0.028902746
538,19_69,Laticauda_colubrina_KY496324.1,19,Hydrophis_melanocephalus_MK775532.1,ingroup,0.024362333,0.589931667,572,0.041296873
539,19_7,Elaphe_davidi_KM401547.1,19,Oligodon_chinensis_MK347418.1,ingroup,0.016758333,0.642111667,990,0.026098783
540,19_7,Sinomicrurus_macclellandi__MT547176.1,19,Hydrophis_melanocephalus_MK775532.1,ingroup,0.018221667,0.622495,572,0.029271989
541,19_70,Hypsiglena_slevini_NC_013987.1,19,Oligodon_chinensis_MK347418.1,ingroup,0.014347,0.492881333,990,0.029108426
542,19_70,Laticauda_colubrina_KY496324.1,19,Hydrophis_melanocephalus_MK775532.1,ingroup,0.023621667,0.762053333,572,0.030997393
543,19_71,Opisthotropis_latouchii_MK570292.1,19,Oligodon_chinensis_MK347418.1,ingroup,0.019242,0.511219667,990,0.037639397
544,19_71,Laticauda_laticaudata_KY496323.1,19,Hydrophis_melanocephalus_MK775532.1,ingroup,0.020834333,0.581788,572,0.035810868
545,19_72,Elaphe_poryphyracea_GQ181130.1,19,Oligodon_chinensis_MK347418.1,ingroup,0.015958333,0.385694,990,0.041375633
546,19_72,Laticauda_laticaudata_KY496323.1,19,Hydrophis_melanocephalus_MK775532.1,ingroup,0.021747,0.609779,572,0.03566374
547,19_73,Oligodon_chinensis_MK347418.1,19,Oligodon_chinensis_MK347418.1,ingroup,0.018136333,0.805855333,990,0.022505694
548,19_73,Laticauda_laticaudata_KY496323.1,19,Hydrophis_melanocephalus_MK775532.1,ingroup,0.021554667,0.902704333,572,0.023877881
549,19_74,Thermophis_zhaoermii_GQ166168.1,19,Oligodon_chinensis_MK347418.1,ingroup,0.015804333,0.337965333,990,0.046763179
550,19_74,Laticauda_laticaudata_KY496323.1,19,Hydrophis_melanocephalus_MK775532.1,ingroup,0.020582667,0.549217667,572,0.037476338
551,19_75,Ptyas_dhumnades_KR812112.1,19,Oligodon_chinensis_MK347418.1,ingroup,0.014887333,0.404204333,990,0.036831207
552,19_75,Laticauda_laticaudata_KY496323.1,19,Hydrophis_melanocephalus_MK775532.1,ingroup,0.022123667,0.612931333,572,0.036094853
553,19_76,Rhabdophis_tigrinus__KU641019.1,19,Oligodon_chinensis_MK347418.1,ingroup,0.019982667,0.588744333,990,0.033941162
554,19_76,Laticauda_laticaudata_KY496323.1,19,Hydrophis_melanocephalus_MK775532.1,ingroup,0.020679667,0.741977,572,0.027871035
555,19_77,Elaphe_davidi_KM401547.1,19,Oligodon_chinensis_MK347418.1,ingroup,0.016920667,0.628699333,990,0.026913766
556,19_77,Laticauda_laticaudata_KY496323.1,19,Hydrophis_melanocephalus_MK775532.1,ingroup,0.021602,0.579312667,572,0.037289017
557,19_78,Hebius_vibakari_ruthveni_KP684155.1,19,Oligodon_chinensis_MK347418.1,ingroup,0.018114333,0.611907667,990,0.02960305
558,19_78,Laticauda_laticaudata_KY496323.1,19,Hydrophis_melanocephalus_MK775532.1,ingroup,0.020434,0.668249,572,0.030578422
559,19_79,Orthriophis_taeniurus_KC990021.1,19,Oligodon_chinensis_MK347418.1,ingroup,0.015734333,0.512137,990,0.030722899
560,19_79,Laticauda_laticaudata_KY496323.1,19,Hydrophis_melanocephalus_MK775532.1,ingroup,0.022001,0.546059667,572,0.040290469
561,19_8,Hebius_vibakari_ruthveni_KP684155.1,19,Oligodon_chinensis_MK347418.1,ingroup,0.017396667,0.754012333,990,0.023072125
562,19_8,Sinomicrurus_macclellandi__MT547176.1,19,Hydrophis_melanocephalus_MK775532.1,ingroup,0.016695667,0.793587667,572,0.021038213
563,19_80,Hypsiglena_slevini_NC_013987.1,19,Oligodon_chinensis_MK347418.1,ingroup,0.015947,0.509592,990,0.031293662
564,19_80,Laticauda_laticaudata_KY496323.1,19,Hydrophis_melanocephalus_MK775532.1,ingroup,0.022610333,0.609726333,572,0.037082757
565,19_81,Opisthotropis_latouchii_MK570292.1,19,Oligodon_chinensis_MK347418.1,ingroup,0.018079667,0.620242667,990,0.029149344
566,19_81,Laticauda_semifasciata_KY496325.1,19,Hydrophis_melanocephalus_MK775532.1,ingroup,0.020517667,0.812558667,572,0.02525069
567,19_82,Elaphe_poryphyracea_GQ181130.1,19,Oligodon_chinensis_MK347418.1,ingroup,0.014864,0.404152667,990,0.036778181
568,19_82,Laticauda_semifasciata_KY496325.1,19,Hydrophis_melanocephalus_MK775532.1,ingroup,0.021228333,0.901594333,572,0.023545327
569,19_83,Oligodon_chinensis_MK347418.1,19,Oligodon_chinensis_MK347418.1,ingroup,0.017215,0.666889,990,0.025813891
570,19_83,Laticauda_semifasciata_KY496325.1,19,Hydrophis_melanocephalus_MK775532.1,ingroup,0.021132667,0.858000333,572,0.024630138
571,19_84,Thermophis_zhaoermii_GQ166168.1,19,Oligodon_chinensis_MK347418.1,ingroup,0.014321333,0.281856,990,0.050810816
572,19_84,Laticauda_semifasciata_KY496325.1,19,Hydrophis_melanocephalus_MK775532.1,ingroup,0.019735333,0.637576333,572,0.030953679
573,19_85,Ptyas_dhumnades_KR812112.1,19,Oligodon_chinensis_MK347418.1,ingroup,0.013928667,0.487109333,990,0.028594539
574,19_85,Laticauda_semifasciata_KY496325.1,19,Hydrophis_melanocephalus_MK775532.1,ingroup,0.021827333,0.974757333,572,0.022392582
575,19_86,Rhabdophis_tigrinus__KU641019.1,19,Oligodon_chinensis_MK347418.1,ingroup,0.019596,0.544868,990,0.035964674
576,19_86,Laticauda_semifasciata_KY496325.1,19,Hydrophis_melanocephalus_MK775532.1,ingroup,0.021051667,0.77963,572,0.027002125
577,19_87,Elaphe_davidi_KM401547.1,19,Oligodon_chinensis_MK347418.1,ingroup,0.016119333,0.660663333,990,0.02439871
578,19_87,Laticauda_semifasciata_KY496325.1,19,Hydrophis_melanocephalus_MK775532.1,ingroup,0.02137,0.855055333,572,0.024992535
579,19_88,Hebius_vibakari_ruthveni_KP684155.1,19,Oligodon_chinensis_MK347418.1,ingroup,0.017240333,0.567680667,990,0.030369774
580,19_88,Laticauda_semifasciata_KY496325.1,19,Hydrophis_melanocephalus_MK775532.1,ingroup,0.020375333,0.729109667,572,0.027945499
581,19_89,Orthriophis_taeniurus_KC990021.1,19,Oligodon_chinensis_MK347418.1,ingroup,0.014928667,0.663518667,990,0.022499241
582,19_89,Laticauda_semifasciata_KY496325.1,19,Hydrophis_melanocephalus_MK775532.1,ingroup,0.021751,0.897943333,572,0.024223132
583,19_9,Orthriophis_taeniurus_KC990021.1,19,Oligodon_chinensis_MK347418.1,ingroup,0.014724,0.519716667,990,0.028330821
584,19_9,Sinomicrurus_macclellandi__MT547176.1,19,Hydrophis_melanocephalus_MK775532.1,ingroup,0.017966667,0.537504,572,0.033426108
585,19_90,Hypsiglena_slevini_NC_013987.1,19,Oligodon_chinensis_MK347418.1,ingroup,0.014781333,0.758477333,990,0.019488168
586,19_90,Laticauda_semifasciata_KY496325.1,19,Hydrophis_melanocephalus_MK775532.1,ingroup,0.021803333,1.240729667,572,0.017572993
587,19_91,Opisthotropis_latouchii_MK570292.1,19,Oligodon_chinensis_MK347418.1,ingroup,0.019024,0.627714333,990,0.03030678
588,19_91,Ophiophagus_hannah_EU921899.1,19,Hydrophis_melanocephalus_MK775532.1,ingroup,0.015474667,0.403093,572,0.038389817
589,19_92,Elaphe_poryphyracea_GQ181130.1,19,Oligodon_chinensis_MK347418.1,ingroup,0.015729667,0.518226667,990,0.03035287
590,19_92,Ophiophagus_hannah_EU921899.1,19,Hydrophis_melanocephalus_MK775532.1,ingroup,0.016310333,0.489731667,572,0.033304633
591,19_93,Oligodon_chinensis_MK347418.1,19,Oligodon_chinensis_MK347418.1,ingroup,0.017887667,0.941518,990,0.018998752
592,19_93,Ophiophagus_hannah_EU921899.1,19,Hydrophis_melanocephalus_MK775532.1,ingroup,0.016411333,0.613623333,572,0.026744963
593,19_94,Thermophis_zhaoermii_GQ166168.1,19,Oligodon_chinensis_MK347418.1,ingroup,0.015180667,0.394724667,990,0.038458875
594,19_94,Ophiophagus_hannah_EU921899.1,19,Hydrophis_melanocephalus_MK775532.1,ingroup,0.014666333,0.380586,572,0.038536187
595,19_95,Ptyas_dhumnades_KR812112.1,19,Oligodon_chinensis_MK347418.1,ingroup,0.014025667,0.446829667,990,0.031389292
596,19_95,Ophiophagus_hannah_EU921899.1,19,Hydrophis_melanocephalus_MK775532.1,ingroup,0.016238,0.406163,572,0.039979023
597,19_96,Rhabdophis_tigrinus__KU641019.1,19,Oligodon_chinensis_MK347418.1,ingroup,0.020022667,0.679543667,990,0.029464871
598,19_96,Ophiophagus_hannah_EU921899.1,19,Hydrophis_melanocephalus_MK775532.1,ingroup,0.015747,0.473887333,572,0.033229417
599,19_97,Elaphe_davidi_KM401547.1,19,Oligodon_chinensis_MK347418.1,ingroup,0.017041667,0.709836667,990,0.02400787
600,19_97,Ophiophagus_hannah_EU921899.1,19,Hydrophis_melanocephalus_MK775532.1,ingroup,0.016614,0.459268333,572,0.03617493
601,19_98,Hebius_vibakari_ruthveni_KP684155.1,19,Oligodon_chinensis_MK347418.1,ingroup,0.018191667,0.742564333,990,0.024498439
602,19_98,Ophiophagus_hannah_EU921899.1,19,Hydrophis_melanocephalus_MK775532.1,ingroup,0.015661667,0.460989667,572,0.033974008
603,19_99,Orthriophis_taeniurus_KC990021.1,19,Oligodon_chinensis_MK347418.1,ingroup,0.014841,0.537288,990,0.027622057
604,19_99,Ophiophagus_hannah_EU921899.1,19,Hydrophis_melanocephalus_MK775532.1,ingroup,0.015960667,0.352369333,572,0.045295277
605,2_1,Rheodytes_leukops_KY857558.1,2,Platemys_platycephala__KC692464.1,ingroup,0.024081333,0.970015667,64,0.024825716
606,2_1,Pelusios_castaneus__KC692463.1,2,Pelusios_castaneus__KC692463.1,ingroup,0.039011,1.099529333,35,0.035479726
607,2_10,Pseudemydura_umbrina__KY486272.1,2,Platemys_platycephala__KC692464.1,ingroup,0.025126667,1.095358667,64,0.022939214
608,2_10,Pelusios_castaneus__KC692463.1,2,Pelusios_castaneus__KC692463.1,ingroup,0.039798667,1.329097,35,0.02994414
609,2_11,Rheodytes_leukops_KY857558.1,2,Platemys_platycephala__KC692464.1,ingroup,0.024419,1.353624333,64,0.018039717
610,2_11,Podocnemis_unifilis_JF802204.1,2,Pelusios_castaneus__KC692463.1,ingroup,0.032593,1.648272667,35,0.019774034
613,2_13,Elseya_irwini_KY776435.1,2,Platemys_platycephala__KC692464.1,ingroup,0.023822667,1.844419333,64,0.012916079
614,2_13,Podocnemis_unifilis_JF802204.1,2,Pelusios_castaneus__KC692463.1,ingroup,0.033536,1.475504,35,0.022728505
615,2_14,Chelodina_steindachneri_KY776452.1,2,Platemys_platycephala__KC692464.1,ingroup,0.025312667,1.417501333,64,0.017857244
616,2_14,Podocnemis_unifilis_JF802204.1,2,Pelusios_castaneus__KC692463.1,ingroup,0.032713667,1.364895,35,0.0239679
619,2_16,Platemys_platycephala__KC692464.1,2,Platemys_platycephala__KC692464.1,ingroup,0.024156667,1.474916,64,0.016378334
620,2_16,Podocnemis_unifilis_JF802204.1,2,Pelusios_castaneus__KC692463.1,ingroup,0.032516333,1.101719333,35,0.029514171
621,2_17,Elseya_albagula_KY776453.1,2,Platemys_platycephala__KC692464.1,ingroup,0.024793,1.386186,64,0.017885767
622,2_17,Podocnemis_unifilis_JF802204.1,2,Pelusios_castaneus__KC692463.1,ingroup,0.033603333,1.719552667,35,0.019541904
627,2_2,Chelodina_longicollis_KJ713173.1,2,Platemys_platycephala__KC692464.1,ingroup,0.024812333,1.23198,64,0.020140208
628,2_2,Pelusios_castaneus__KC692463.1,2,Pelusios_castaneus__KC692463.1,ingroup,0.038961333,0.953094333,35,0.04087878
629,2_20,Pseudemydura_umbrina__KY486272.1,2,Platemys_platycephala__KC692464.1,ingroup,0.025351,1.25798,64,0.020152149
630,2_20,Podocnemis_unifilis_JF802204.1,2,Pelusios_castaneus__KC692463.1,ingroup,0.032987,1.542270667,35,0.021388593
631,2_3,Elseya_irwini_KY776435.1,2,Platemys_platycephala__KC692464.1,ingroup,0.023576333,1.010017333,64,0.023342504
632,2_3,Pelusios_castaneus__KC692463.1,2,Pelusios_castaneus__KC692463.1,ingroup,0.040126,0.924798333,35,0.043388919
633,2_4,Chelodina_steindachneri_KY776452.1,2,Platemys_platycephala__KC692464.1,ingroup,0.025263,1.185965667,64,0.021301628
634,2_4,Pelusios_castaneus__KC692463.1,2,Pelusios_castaneus__KC692463.1,ingroup,0.039317,1.216225,35,0.032327078
635,2_5,Myuchelys_bellii__KY924930.1,2,Platemys_platycephala__KC692464.1,ingroup,0.023504333,2.294394667,64,0.010244242
636,2_5,Pelusios_castaneus__KC692463.1,2,Pelusios_castaneus__KC692463.1,ingroup,0.039525333,1.527412,35,0.025877323
637,2_6,Platemys_platycephala__KC692464.1,2,Platemys_platycephala__KC692464.1,ingroup,0.023493,1.088092333,64,0.021590999
638,2_6,Pelusios_castaneus__KC692463.1,2,Pelusios_castaneus__KC692463.1,ingroup,0.038438333,1.020839667,35,0.037653644
639,2_7,Elseya_albagula_KY776453.1,2,Platemys_platycephala__KC692464.1,ingroup,0.024074,1.120420333,64,0.021486579
640,2_7,Pelusios_castaneus__KC692463.1,2,Pelusios_castaneus__KC692463.1,ingroup,0.039605667,1.343429333,35,0.02948102
641,2_8,Chelodina_mccordi_KY705231.1,2,Platemys_platycephala__KC692464.1,ingroup,0.024829667,1.303551333,64,0.019047709
642,2_8,Pelusios_castaneus__KC692463.1,2,Pelusios_castaneus__KC692463.1,ingroup,0.038721667,1.041637667,35,0.037173835
643,2_9,Chelodina_colliei_KY776449.1,2,Platemys_platycephala__KC692464.1,ingroup,0.025010333,1.125431333,64,0.022222887
644,2_9,Pelusios_castaneus__KC692463.1,2,Pelusios_castaneus__KC692463.1,ingroup,0.039331667,0.915803,35,0.042947737
645,3_1,Dogania_subplana_AF366350.1,3,Lissemys_scutata_JQ361816.1,ingroup,0.022097333,0.828757,33,0.026663224
646,3_1,Carettochelys_insculpta_FJ862792.1,3,Carettochelys_insculpta_FJ862792.1,ingroup,0.026866,1.032181667,1,0.026028364
647,3_10,Pelochelys_cantorii_JN016747.1,3,Lissemys_scutata_JQ361816.1,ingroup,0.018641333,0.561651667,33,0.033190204
648,3_10,Carettochelys_insculpta_FJ862792.1,3,Carettochelys_insculpta_FJ862792.1,ingroup,0.027353667,1.001654667,1,0.02730848
649,3_2,Trionyx_triunguis_NC_012833.1,3,Lissemys_scutata_JQ361816.1,ingroup,0.019088667,0.582244333,33,0.032784633
650,3_2,Carettochelys_insculpta_FJ862792.1,3,Carettochelys_insculpta_FJ862792.1,ingroup,0.026678,1.048293667,1,0.025448976
651,3_3,Amyda_cartilaginea_MT039230.1,3,Lissemys_scutata_JQ361816.1,ingroup,0.018288333,0.439817667,33,0.041581625
652,3_3,Carettochelys_insculpta_FJ862792.1,3,Carettochelys_insculpta_FJ862792.1,ingroup,0.026666667,0.872545,1,0.030561939
653,3_4,Lissemys_punctata__EF050073.1,3,Lissemys_scutata_JQ361816.1,ingroup,0.023753667,1.021023667,33,0.02326456
654,3_4,Carettochelys_insculpta_FJ862792.1,3,Carettochelys_insculpta_FJ862792.1,ingroup,0.026043667,1.682577667,1,0.015478434
655,3_5,Pelodiscus_sinensis_MG431983.1,3,Lissemys_scutata_JQ361816.1,ingroup,0.019117,0.628386,33,0.030422384
656,3_5,Carettochelys_insculpta_FJ862792.1,3,Carettochelys_insculpta_FJ862792.1,ingroup,0.027090333,1.002136333,1,0.027032583
657,3_6,Chitra_vandijki_MT683848.1,3,Lissemys_scutata_JQ361816.1,ingroup,0.017515333,0.555703,33,0.031519235
658,3_6,Carettochelys_insculpta_FJ862792.1,3,Carettochelys_insculpta_FJ862792.1,ingroup,0.027117,1.034578333,1,0.026210678
659,3_7,Nilssonia_nigricans_MG383833.1,3,Lissemys_scutata_JQ361816.1,ingroup,0.018456667,0.534537333,33,0.034528302
660,3_7,Carettochelys_insculpta_FJ862792.1,3,Carettochelys_insculpta_FJ862792.1,ingroup,0.027189667,0.886383667,1,0.030674828
661,3_8,Lissemys_scutata_JQ361816.1,3,Lissemys_scutata_JQ361816.1,ingroup,0.023768,1.514613,33,0.015692457
662,3_8,Carettochelys_insculpta_FJ862792.1,3,Carettochelys_insculpta_FJ862792.1,ingroup,0.025984333,1.973512333,1,0.013166542
663,3_9,Chitra_indica_JQ406951.1,3,Lissemys_scutata_JQ361816.1,ingroup,0.019060333,0.569839667,33,0.03344859
664,3_9,Carettochelys_insculpta_FJ862792.1,3,Carettochelys_insculpta_FJ862792.1,ingroup,0.027277667,0.946682333,1,0.02881396
665,4_1,Dermochelys_coriacea__MF460363.1,4,Dermochelys_coriacea__MF460363.1,ingroup,0.005505333,0.210384333,1,0.026167981
666,4_1,Lepidochelys_kempii_MN136058.1,4,Lepidochelys_kempii_MN136058.1,ingroup,0.007142,0.200971,6,0.035537466
667,4_2,Dermochelys_coriacea__MF460363.1,4,Dermochelys_coriacea__MF460363.1,ingroup,0.005361667,0.197078333,1,0.027205764
668,4_2,Lepidochelys_olivacea_JX454991.1,4,Lepidochelys_kempii_MN136058.1,ingroup,0.006968333,0.193350667,6,0.036039872
669,4_3,Dermochelys_coriacea__MF460363.1,4,Dermochelys_coriacea__MF460363.1,ingroup,0.005627333,0.213983,1,0.026298039
670,4_3,Caretta_caretta_MF554690.1,4,Lepidochelys_kempii_MN136058.1,ingroup,0.006586,0.180380667,6,0.036511673
671,4_4,Dermochelys_coriacea__MF460363.1,4,Dermochelys_coriacea__MF460363.1,ingroup,0.005680333,0.204993667,1,0.027709799
672,4_4,Eretmochelys_imbricata_KP221806.1,4,Lepidochelys_kempii_MN136058.1,ingroup,0.006122667,0.171845333,6,0.035628938
673,4_5,Dermochelys_coriacea__MF460363.1,4,Dermochelys_coriacea__MF460363.1,ingroup,0.005572333,0.211297333,1,0.026372
674,4_5,Chelonia_mydas_JX454974.1,4,Lepidochelys_kempii_MN136058.1,ingroup,0.004384333,0.159667,6,0.027459233
675,4_6,Dermochelys_coriacea__MF460363.1,4,Dermochelys_coriacea__MF460363.1,ingroup,0.005806333,0.222340667,1,0.026114581
676,4_6,Natator_depressa_JX454975.1,4,Lepidochelys_kempii_MN136058.1,ingroup,0.005025333,0.144939,6,0.034672057
677,5_1,Platysternon_megacephalum_DQ256377.1,5,Platysternon_megacephalum_DQ256377.1,ingroup,0.017228,0.307609667,1,0.056006042
678,5_1,Trachemys_scripta_FJ392294.1,5,Trachemys_scripta_FJ392294.1,ingroup,0.014145667,0.218414333,53,0.064765286
679,5_2,Platysternon_megacephalum_DQ256377.1,5,Platysternon_megacephalum_DQ256377.1,ingroup,0.017508667,0.303639333,1,0.057662709
680,5_2,Malaclemys_terrapin_terrapin_KX774423.1,5,Trachemys_scripta_FJ392294.1,ingroup,0.013989,0.203336333,53,0.068797346
681,5_3,Platysternon_megacephalum_DQ256377.1,5,Platysternon_megacephalum_DQ256377.1,ingroup,0.017422667,0.281527333,1,0.061886235
682,5_3,Chrysemys_picta_AF069423.1,5,Trachemys_scripta_FJ392294.1,ingroup,0.014916,0.208433333,53,0.07156245
683,6_1,Cuora_bourreti_JN980701.1,6,Geoemyda_spengleri_MH748151.1,ingroup,0.012391333,0.177143667,71,0.069950756
684,6_1,Chelonoidis_vicina_MT017699.1,6,Chelonoidis_vicina_MT017699.1,ingroup,0.006793333,0.219068667,60,0.031010064
685,6_10,Cuora_trifasciata_KC543355.1,6,Geoemyda_spengleri_MH748151.1,ingroup,0.012794667,0.166719,71,0.076743902
686,6_10,Chelonoidis_vicina_MT017699.1,6,Chelonoidis_vicina_MT017699.1,ingroup,0.006451333,0.224638333,60,0.028718755
687,6_100,Cuora_trifasciata_KC543355.1,6,Geoemyda_spengleri_MH748151.1,ingroup,0.012905,0.163130667,71,0.079108363
688,6_100,Testudo_marginata__DQ080047.1,6,Chelonoidis_vicina_MT017699.1,ingroup,0.00957,0.219615667,60,0.043576126
689,6_11,Cuora_bourreti_JN980701.1,6,Geoemyda_spengleri_MH748151.1,ingroup,0.012532667,0.175096333,71,0.071575837
690,6_11,Chelonoidis_becki_MT017693.1,6,Chelonoidis_vicina_MT017699.1,ingroup,0.006690667,0.217129333,60,0.0308142
691,6_12,Heosemys_grandis_KX816868.1,6,Geoemyda_spengleri_MH748151.1,ingroup,0.014893333,0.237720667,71,0.062650562
692,6_12,Chelonoidis_becki_MT017693.1,6,Chelonoidis_vicina_MT017699.1,ingroup,0.006676667,0.188183667,60,0.035479523
693,6_13,Mauremys_annamensis_HM131942.1,6,Geoemyda_spengleri_MH748151.1,ingroup,0.012924333,0.204516,71,0.06319473
694,6_13,Chelonoidis_becki_MT017693.1,6,Chelonoidis_vicina_MT017699.1,ingroup,0.006514,0.204795667,60,0.031807314
695,6_14,Mauremys_mutica_KP100056.1,6,Geoemyda_spengleri_MH748151.1,ingroup,0.012932333,0.209528667,71,0.061721069
696,6_14,Chelonoidis_becki_MT017693.1,6,Chelonoidis_vicina_MT017699.1,ingroup,0.006397667,0.201858333,60,0.031693845
697,6_15,Mauremys_japonica_GU938833.1,6,Geoemyda_spengleri_MH748151.1,ingroup,0.013061,0.185866333,71,0.070270929
698,6_15,Chelonoidis_becki_MT017693.1,6,Chelonoidis_vicina_MT017699.1,ingroup,0.006409,0.219636,60,0.029180098
699,6_16,Notochelys_platynota_HQ853256.1,6,Geoemyda_spengleri_MH748151.1,ingroup,0.018358333,0.222339667,71,0.082568862
700,6_16,Chelonoidis_becki_MT017693.1,6,Chelonoidis_vicina_MT017699.1,ingroup,0.006940333,0.198668667,60,0.034934212
701,6_17,Cuora_amboinensis_FJ763736.1,6,Geoemyda_spengleri_MH748151.1,ingroup,0.012512333,0.193643333,71,0.064615358
702,6_17,Chelonoidis_becki_MT017693.1,6,Chelonoidis_vicina_MT017699.1,ingroup,0.006021,0.214156667,60,0.028114931
703,6_18,Geoemyda_spengleri_MH748151.1,6,Geoemyda_spengleri_MH748151.1,ingroup,0.017891333,0.231622333,71,0.077243559
704,6_18,Chelonoidis_becki_MT017693.1,6,Chelonoidis_vicina_MT017699.1,ingroup,0.006156333,0.186898333,60,0.032939477
705,6_19,Sacalia_quadriocellata_MT372821.1,6,Geoemyda_spengleri_MH748151.1,ingroup,0.013745333,0.190240333,71,0.072252467
706,6_19,Chelonoidis_becki_MT017693.1,6,Chelonoidis_vicina_MT017699.1,ingroup,0.006509,0.228984,60,0.028425567
707,6_2,Heosemys_grandis_KX816868.1,6,Geoemyda_spengleri_MH748151.1,ingroup,0.014739,0.235329667,71,0.062631287
708,6_2,Chelonoidis_vicina_MT017699.1,6,Chelonoidis_vicina_MT017699.1,ingroup,0.006781333,0.185443333,60,0.036568224
709,6_20,Cuora_trifasciata_KC543355.1,6,Geoemyda_spengleri_MH748151.1,ingroup,0.012987,0.164086,71,0.07914752
710,6_20,Chelonoidis_becki_MT017693.1,6,Chelonoidis_vicina_MT017699.1,ingroup,0.006392667,0.224929,60,0.02842082
711,6_21,Cuora_bourreti_JN980701.1,6,Geoemyda_spengleri_MH748151.1,ingroup,0.012449,0.173749667,71,0.071649058
712,6_21,Chelonoidis_microphyes_MT017702.1,6,Chelonoidis_vicina_MT017699.1,ingroup,0.006792,0.219989667,60,0.030874177
713,6_22,Heosemys_grandis_KX816868.1,6,Geoemyda_spengleri_MH748151.1,ingroup,0.014761333,0.236235667,71,0.062485625
714,6_22,Chelonoidis_microphyes_MT017702.1,6,Chelonoidis_vicina_MT017699.1,ingroup,0.006737667,0.190643667,60,0.035341676
715,6_23,Mauremys_annamensis_HM131942.1,6,Geoemyda_spengleri_MH748151.1,ingroup,0.012841,0.199665667,71,0.064312509
716,6_23,Chelonoidis_microphyes_MT017702.1,6,Chelonoidis_vicina_MT017699.1,ingroup,0.006619333,0.205373667,60,0.032230682
717,6_24,Mauremys_mutica_KP100056.1,6,Geoemyda_spengleri_MH748151.1,ingroup,0.012798333,0.205271,71,0.062348473
718,6_24,Chelonoidis_microphyes_MT017702.1,6,Chelonoidis_vicina_MT017699.1,ingroup,0.006461667,0.202652333,60,0.031885479
719,6_25,Mauremys_japonica_GU938833.1,6,Geoemyda_spengleri_MH748151.1,ingroup,0.012843667,0.180029333,71,0.071342078
720,6_25,Chelonoidis_microphyes_MT017702.1,6,Chelonoidis_vicina_MT017699.1,ingroup,0.006409333,0.215954667,60,0.029679068
721,6_26,Notochelys_platynota_HQ853256.1,6,Geoemyda_spengleri_MH748151.1,ingroup,0.018179667,0.221460667,71,0.082089822
722,6_26,Chelonoidis_microphyes_MT017702.1,6,Chelonoidis_vicina_MT017699.1,ingroup,0.006945,0.200796333,60,0.034587285
723,6_27,Cuora_amboinensis_FJ763736.1,6,Geoemyda_spengleri_MH748151.1,ingroup,0.012539333,0.191782333,71,0.065383151
724,6_27,Chelonoidis_microphyes_MT017702.1,6,Chelonoidis_vicina_MT017699.1,ingroup,0.006214667,0.217197,60,0.028613041
725,6_28,Geoemyda_spengleri_MH748151.1,6,Geoemyda_spengleri_MH748151.1,ingroup,0.017661,0.230485,71,0.076625377
726,6_28,Chelonoidis_microphyes_MT017702.1,6,Chelonoidis_vicina_MT017699.1,ingroup,0.006115,0.188041667,60,0.032519388
727,6_29,Sacalia_quadriocellata_MT372821.1,6,Geoemyda_spengleri_MH748151.1,ingroup,0.013601,0.182022333,71,0.0747216
728,6_29,Chelonoidis_microphyes_MT017702.1,6,Chelonoidis_vicina_MT017699.1,ingroup,0.006562333,0.225046333,60,0.029159921
729,6_3,Mauremys_annamensis_HM131942.1,6,Geoemyda_spengleri_MH748151.1,ingroup,0.012780333,0.201167,71,0.063530963
730,6_3,Chelonoidis_vicina_MT017699.1,6,Chelonoidis_vicina_MT017699.1,ingroup,0.006612,0.201516,60,0.03281129
731,6_30,Cuora_trifasciata_KC543355.1,6,Geoemyda_spengleri_MH748151.1,ingroup,0.012833667,0.164878,71,0.07783735
732,6_30,Chelonoidis_microphyes_MT017702.1,6,Chelonoidis_vicina_MT017699.1,ingroup,0.006473333,0.225862333,60,0.028660526
733,6_31,Cuora_bourreti_JN980701.1,6,Geoemyda_spengleri_MH748151.1,ingroup,0.012498333,0.174656333,71,0.071559577
734,6_31,Chelonoidis_duncanensis_MT017697.1,6,Chelonoidis_vicina_MT017699.1,ingroup,0.006662,0.221147333,60,0.030124713
735,6_32,Heosemys_grandis_KX816868.1,6,Geoemyda_spengleri_MH748151.1,ingroup,0.014897333,0.239492333,71,0.062203801
736,6_32,Chelonoidis_duncanensis_MT017697.1,6,Chelonoidis_vicina_MT017699.1,ingroup,0.006626333,0.194306333,60,0.034102508
737,6_33,Mauremys_annamensis_HM131942.1,6,Geoemyda_spengleri_MH748151.1,ingroup,0.012884,0.200627333,71,0.064218568
738,6_33,Chelonoidis_duncanensis_MT017697.1,6,Chelonoidis_vicina_MT017699.1,ingroup,0.006490333,0.205533667,60,0.031577957
739,6_34,Mauremys_mutica_KP100056.1,6,Geoemyda_spengleri_MH748151.1,ingroup,0.012922667,0.205140667,71,0.062994173
740,6_34,Chelonoidis_duncanensis_MT017697.1,6,Chelonoidis_vicina_MT017699.1,ingroup,0.006346,0.203113667,60,0.031243589
741,6_35,Mauremys_japonica_GU938833.1,6,Geoemyda_spengleri_MH748151.1,ingroup,0.013042667,0.179537333,71,0.072645986
742,6_35,Chelonoidis_duncanensis_MT017697.1,6,Chelonoidis_vicina_MT017699.1,ingroup,0.006354,0.218106333,60,0.029132579
743,6_36,Notochelys_platynota_HQ853256.1,6,Geoemyda_spengleri_MH748151.1,ingroup,0.018244667,0.222795333,71,0.081889806
744,6_36,Chelonoidis_duncanensis_MT017697.1,6,Chelonoidis_vicina_MT017699.1,ingroup,0.006789,0.205696667,60,0.03300491
745,6_37,Cuora_amboinensis_FJ763736.1,6,Geoemyda_spengleri_MH748151.1,ingroup,0.012664,0.190038333,71,0.066639187
746,6_37,Chelonoidis_duncanensis_MT017697.1,6,Chelonoidis_vicina_MT017699.1,ingroup,0.006113,0.215867333,60,0.028318319
747,6_38,Geoemyda_spengleri_MH748151.1,6,Geoemyda_spengleri_MH748151.1,ingroup,0.017895667,0.230248,71,0.07772344
748,6_38,Chelonoidis_duncanensis_MT017697.1,6,Chelonoidis_vicina_MT017699.1,ingroup,0.006099667,0.190789,60,0.031970746
749,6_39,Sacalia_quadriocellata_MT372821.1,6,Geoemyda_spengleri_MH748151.1,ingroup,0.01369,0.183302333,71,0.074685356
750,6_39,Chelonoidis_duncanensis_MT017697.1,6,Chelonoidis_vicina_MT017699.1,ingroup,0.006395667,0.228428333,60,0.02799857
751,6_4,Mauremys_mutica_KP100056.1,6,Geoemyda_spengleri_MH748151.1,ingroup,0.012736333,0.206934,71,0.061547804
752,6_4,Chelonoidis_vicina_MT017699.1,6,Chelonoidis_vicina_MT017699.1,ingroup,0.006448667,0.198984,60,0.032407966
753,6_40,Cuora_trifasciata_KC543355.1,6,Geoemyda_spengleri_MH748151.1,ingroup,0.012897667,0.160654333,71,0.080282096
754,6_40,Chelonoidis_duncanensis_MT017697.1,6,Chelonoidis_vicina_MT017699.1,ingroup,0.006321667,0.225941667,60,0.027979198
755,6_41,Cuora_bourreti_JN980701.1,6,Geoemyda_spengleri_MH748151.1,ingroup,0.012556333,0.174953333,71,0.071769615
756,6_41,Chelonoidis_hoodensis_MT017696.1,6,Chelonoidis_vicina_MT017699.1,ingroup,0.006511667,0.218222667,60,0.029839552
757,6_42,Heosemys_grandis_KX816868.1,6,Geoemyda_spengleri_MH748151.1,ingroup,0.014913667,0.238154,71,0.062621945
758,6_42,Chelonoidis_hoodensis_MT017696.1,6,Chelonoidis_vicina_MT017699.1,ingroup,0.006508,0.188970667,60,0.034439207
759,6_43,Mauremys_annamensis_HM131942.1,6,Geoemyda_spengleri_MH748151.1,ingroup,0.012937667,0.198626,71,0.065135816
760,6_43,Chelonoidis_hoodensis_MT017696.1,6,Chelonoidis_vicina_MT017699.1,ingroup,0.006339,0.201167333,60,0.03151108
761,6_44,Mauremys_mutica_KP100056.1,6,Geoemyda_spengleri_MH748151.1,ingroup,0.012944333,0.202258667,71,0.063998906
762,6_44,Chelonoidis_hoodensis_MT017696.1,6,Chelonoidis_vicina_MT017699.1,ingroup,0.006221,0.197025,60,0.031574673
763,6_45,Mauremys_japonica_GU938833.1,6,Geoemyda_spengleri_MH748151.1,ingroup,0.013074333,0.182951667,71,0.071463319
764,6_45,Chelonoidis_hoodensis_MT017696.1,6,Chelonoidis_vicina_MT017699.1,ingroup,0.006241667,0.21584,60,0.028918026
765,6_46,Notochelys_platynota_HQ853256.1,6,Geoemyda_spengleri_MH748151.1,ingroup,0.018319,0.219696667,71,0.083383149
766,6_46,Chelonoidis_hoodensis_MT017696.1,6,Chelonoidis_vicina_MT017699.1,ingroup,0.006707667,0.196485667,60,0.034138198
767,6_47,Cuora_amboinensis_FJ763736.1,6,Geoemyda_spengleri_MH748151.1,ingroup,0.012639333,0.193949333,71,0.065168223
768,6_47,Chelonoidis_hoodensis_MT017696.1,6,Chelonoidis_vicina_MT017699.1,ingroup,0.005943,0.21506,60,0.027634149
769,6_48,Geoemyda_spengleri_MH748151.1,6,Geoemyda_spengleri_MH748151.1,ingroup,0.017921,0.231715667,71,0.077340476
770,6_48,Chelonoidis_hoodensis_MT017696.1,6,Chelonoidis_vicina_MT017699.1,ingroup,0.005973333,0.189351,60,0.031546352
771,6_49,Sacalia_quadriocellata_MT372821.1,6,Geoemyda_spengleri_MH748151.1,ingroup,0.013772,0.188527,71,0.073050544
772,6_49,Chelonoidis_hoodensis_MT017696.1,6,Chelonoidis_vicina_MT017699.1,ingroup,0.006336,0.228155667,60,0.027770513
773,6_5,Mauremys_japonica_GU938833.1,6,Geoemyda_spengleri_MH748151.1,ingroup,0.01284,0.181443,71,0.070766026
774,6_5,Chelonoidis_vicina_MT017699.1,6,Chelonoidis_vicina_MT017699.1,ingroup,0.006448667,0.212189,60,0.030391145
775,6_50,Cuora_trifasciata_KC543355.1,6,Geoemyda_spengleri_MH748151.1,ingroup,0.013060667,0.161986333,71,0.080628201
776,6_50,Chelonoidis_hoodensis_MT017696.1,6,Chelonoidis_vicina_MT017699.1,ingroup,0.006286333,0.225332333,60,0.027898053
777,6_51,Cuora_bourreti_JN980701.1,6,Geoemyda_spengleri_MH748151.1,ingroup,0.012283333,0.153019333,71,0.080273081
778,6_51,Indotestudo_elongata__DQ080043.1,6,Chelonoidis_vicina_MT017699.1,ingroup,0.010634333,0.217932333,60,0.048796492
779,6_52,Heosemys_grandis_KX816868.1,6,Geoemyda_spengleri_MH748151.1,ingroup,0.014066333,0.213644667,71,0.065839852
780,6_52,Indotestudo_elongata__DQ080043.1,6,Chelonoidis_vicina_MT017699.1,ingroup,0.009805333,0.194092667,60,0.050518824
781,6_53,Mauremys_annamensis_HM131942.1,6,Geoemyda_spengleri_MH748151.1,ingroup,0.012716,0.184307333,71,0.068993457
782,6_53,Indotestudo_elongata__DQ080043.1,6,Chelonoidis_vicina_MT017699.1,ingroup,0.010372333,0.215169,60,0.048205519
783,6_54,Mauremys_mutica_KP100056.1,6,Geoemyda_spengleri_MH748151.1,ingroup,0.012672,0.185569,71,0.068287268
784,6_54,Indotestudo_elongata__DQ080043.1,6,Chelonoidis_vicina_MT017699.1,ingroup,0.01016,0.208478,60,0.048734159
785,6_55,Mauremys_japonica_GU938833.1,6,Geoemyda_spengleri_MH748151.1,ingroup,0.012366,0.150201667,71,0.082329313
786,6_55,Indotestudo_elongata__DQ080043.1,6,Chelonoidis_vicina_MT017699.1,ingroup,0.009776,0.206558667,60,0.047327958
787,6_56,Notochelys_platynota_HQ853256.1,6,Geoemyda_spengleri_MH748151.1,ingroup,0.017813667,0.205583333,71,0.086649372
788,6_56,Indotestudo_elongata__DQ080043.1,6,Chelonoidis_vicina_MT017699.1,ingroup,0.010404667,0.212386,60,0.048989419
789,6_57,Cuora_amboinensis_FJ763736.1,6,Geoemyda_spengleri_MH748151.1,ingroup,0.012553,0.160942667,71,0.077996719
790,6_57,Indotestudo_elongata__DQ080043.1,6,Chelonoidis_vicina_MT017699.1,ingroup,0.009973667,0.21365,60,0.046682269
791,6_58,Geoemyda_spengleri_MH748151.1,6,Geoemyda_spengleri_MH748151.1,ingroup,0.016997,0.228315,71,0.074445393
792,6_58,Indotestudo_elongata__DQ080043.1,6,Chelonoidis_vicina_MT017699.1,ingroup,0.009246667,0.210669333,60,0.043891849
793,6_59,Sacalia_quadriocellata_MT372821.1,6,Geoemyda_spengleri_MH748151.1,ingroup,0.013097333,0.167889667,71,0.078011551
794,6_59,Indotestudo_elongata__DQ080043.1,6,Chelonoidis_vicina_MT017699.1,ingroup,0.010052,0.233917,60,0.042972507
795,6_6,Notochelys_platynota_HQ853256.1,6,Geoemyda_spengleri_MH748151.1,ingroup,0.018166,0.222636667,71,0.081594826
796,6_6,Chelonoidis_vicina_MT017699.1,6,Chelonoidis_vicina_MT017699.1,ingroup,0.006994333,0.195923667,60,0.035699277
797,6_60,Cuora_trifasciata_KC543355.1,6,Geoemyda_spengleri_MH748151.1,ingroup,0.012794,0.147822333,71,0.086549845
798,6_60,Indotestudo_elongata__DQ080043.1,6,Chelonoidis_vicina_MT017699.1,ingroup,0.010412667,0.233456667,60,0.044602139
799,6_61,Cuora_bourreti_JN980701.1,6,Geoemyda_spengleri_MH748151.1,ingroup,0.012675,0.175940333,71,0.072041469
800,6_61,Geochelone_elegans_MH459393.1,6,Chelonoidis_vicina_MT017699.1,ingroup,0.011552333,0.248306667,60,0.046524459
801,6_62,Heosemys_grandis_KX816868.1,6,Geoemyda_spengleri_MH748151.1,ingroup,0.014745333,0.227917333,71,0.064695972
802,6_62,Geochelone_elegans_MH459393.1,6,Chelonoidis_vicina_MT017699.1,ingroup,0.011229333,0.219990667,60,0.05104459
803,6_63,Mauremys_annamensis_HM131942.1,6,Geoemyda_spengleri_MH748151.1,ingroup,0.013313,0.190153333,71,0.07001192
804,6_63,Geochelone_elegans_MH459393.1,6,Chelonoidis_vicina_MT017699.1,ingroup,0.011673,0.224917333,60,0.051899068
805,6_64,Mauremys_mutica_KP100056.1,6,Geoemyda_spengleri_MH748151.1,ingroup,0.013266667,0.193064,71,0.068716419
806,6_64,Geochelone_elegans_MH459393.1,6,Chelonoidis_vicina_MT017699.1,ingroup,0.011446333,0.221794333,60,0.051607871
807,6_65,Mauremys_japonica_GU938833.1,6,Geoemyda_spengleri_MH748151.1,ingroup,0.013102,0.180922333,71,0.072417815
808,6_65,Geochelone_elegans_MH459393.1,6,Chelonoidis_vicina_MT017699.1,ingroup,0.011054,0.244352,60,0.045238017
809,6_66,Notochelys_platynota_HQ853256.1,6,Geoemyda_spengleri_MH748151.1,ingroup,0.017945333,0.221765,71,0.080920494
810,6_66,Geochelone_elegans_MH459393.1,6,Chelonoidis_vicina_MT017699.1,ingroup,0.011219667,0.233241667,60,0.048103183
811,6_67,Cuora_amboinensis_FJ763736.1,6,Geoemyda_spengleri_MH748151.1,ingroup,0.012858333,0.174904667,71,0.073516239
812,6_67,Geochelone_elegans_MH459393.1,6,Chelonoidis_vicina_MT017699.1,ingroup,0.010926667,0.229574333,60,0.047595332
813,6_68,Geoemyda_spengleri_MH748151.1,6,Geoemyda_spengleri_MH748151.1,ingroup,0.017354667,0.241287,71,0.071925411
814,6_68,Geochelone_elegans_MH459393.1,6,Chelonoidis_vicina_MT017699.1,ingroup,0.010403,0.235027,60,0.044263
815,6_69,Sacalia_quadriocellata_MT372821.1,6,Geoemyda_spengleri_MH748151.1,ingroup,0.013709333,0.172853,71,0.079312094
816,6_69,Geochelone_elegans_MH459393.1,6,Chelonoidis_vicina_MT017699.1,ingroup,0.011287333,0.245187667,60,0.046035486
817,6_7,Cuora_amboinensis_FJ763736.1,6,Geoemyda_spengleri_MH748151.1,ingroup,0.012477667,0.194486333,71,0.064157036
818,6_7,Chelonoidis_vicina_MT017699.1,6,Chelonoidis_vicina_MT017699.1,ingroup,0.006217333,0.214292667,60,0.029013281
819,6_70,Cuora_trifasciata_KC543355.1,6,Geoemyda_spengleri_MH748151.1,ingroup,0.013291333,0.171636,71,0.077439076
820,6_70,Geochelone_elegans_MH459393.1,6,Chelonoidis_vicina_MT017699.1,ingroup,0.011405,0.258901,60,0.044051587
821,6_71,Cuora_bourreti_JN980701.1,6,Geoemyda_spengleri_MH748151.1,ingroup,0.012261667,0.174867,71,0.070119958
822,6_71,Aldabrachelys_gigantea_KT613185.1,6,Chelonoidis_vicina_MT017699.1,ingroup,0.008174667,0.236949333,60,0.03449964
823,6_72,Heosemys_grandis_KX816868.1,6,Geoemyda_spengleri_MH748151.1,ingroup,0.014767667,0.238770667,71,0.061848747
824,6_72,Aldabrachelys_gigantea_KT613185.1,6,Chelonoidis_vicina_MT017699.1,ingroup,0.008204,0.209683,60,0.039125728
825,6_73,Mauremys_annamensis_HM131942.1,6,Geoemyda_spengleri_MH748151.1,ingroup,0.012704333,0.179558,71,0.070753368
826,6_73,Aldabrachelys_gigantea_KT613185.1,6,Chelonoidis_vicina_MT017699.1,ingroup,0.007999,0.196054,60,0.040799984
827,6_74,Mauremys_mutica_KP100056.1,6,Geoemyda_spengleri_MH748151.1,ingroup,0.012769667,0.185842667,71,0.068712244
828,6_74,Aldabrachelys_gigantea_KT613185.1,6,Chelonoidis_vicina_MT017699.1,ingroup,0.007894,0.196039,60,0.040267498
829,6_75,Mauremys_japonica_GU938833.1,6,Geoemyda_spengleri_MH748151.1,ingroup,0.012833333,0.158313667,71,0.0810627
830,6_75,Aldabrachelys_gigantea_KT613185.1,6,Chelonoidis_vicina_MT017699.1,ingroup,0.007873333,0.209411,60,0.037597516
831,6_76,Notochelys_platynota_HQ853256.1,6,Geoemyda_spengleri_MH748151.1,ingroup,0.017995333,0.201653,71,0.089239105
832,6_76,Aldabrachelys_gigantea_KT613185.1,6,Chelonoidis_vicina_MT017699.1,ingroup,0.008239,0.198512667,60,0.041503649
833,6_77,Cuora_amboinensis_FJ763736.1,6,Geoemyda_spengleri_MH748151.1,ingroup,0.012412667,0.173200333,71,0.071666529
834,6_77,Aldabrachelys_gigantea_KT613185.1,6,Chelonoidis_vicina_MT017699.1,ingroup,0.007568,0.212919,60,0.035544033
835,6_78,Geoemyda_spengleri_MH748151.1,6,Geoemyda_spengleri_MH748151.1,ingroup,0.017527,0.221299667,71,0.0792003
836,6_78,Aldabrachelys_gigantea_KT613185.1,6,Chelonoidis_vicina_MT017699.1,ingroup,0.007386,0.20454,60,0.036110296
837,6_79,Sacalia_quadriocellata_MT372821.1,6,Geoemyda_spengleri_MH748151.1,ingroup,0.013480667,0.161266333,71,0.083592566
838,6_79,Aldabrachelys_gigantea_KT613185.1,6,Chelonoidis_vicina_MT017699.1,ingroup,0.007911667,0.217383,60,0.036395057
839,6_8,Geoemyda_spengleri_MH748151.1,6,Geoemyda_spengleri_MH748151.1,ingroup,0.017647333,0.23205,71,0.076049702
840,6_8,Chelonoidis_vicina_MT017699.1,6,Chelonoidis_vicina_MT017699.1,ingroup,0.006157,0.184163,60,0.03343234
841,6_80,Cuora_trifasciata_KC543355.1,6,Geoemyda_spengleri_MH748151.1,ingroup,0.013235667,0.161054,71,0.082181546
842,6_80,Aldabrachelys_gigantea_KT613185.1,6,Chelonoidis_vicina_MT017699.1,ingroup,0.008314667,0.24033,60,0.034596874
843,6_81,Cuora_bourreti_JN980701.1,6,Geoemyda_spengleri_MH748151.1,ingroup,0.012436667,0.171571667,71,0.072486716
844,6_81,Chelonoidis_vandenburghi_MT017701.1,6,Chelonoidis_vicina_MT017699.1,ingroup,0.006859333,0.221039,60,0.031032231
845,6_82,Heosemys_grandis_KX816868.1,6,Geoemyda_spengleri_MH748151.1,ingroup,0.014747667,0.236122333,71,0.062457737
846,6_82,Chelonoidis_vandenburghi_MT017701.1,6,Chelonoidis_vicina_MT017699.1,ingroup,0.006802667,0.191861,60,0.035456224
847,6_83,Mauremys_annamensis_HM131942.1,6,Geoemyda_spengleri_MH748151.1,ingroup,0.012830333,0.197588,71,0.06493478
848,6_83,Chelonoidis_vandenburghi_MT017701.1,6,Chelonoidis_vicina_MT017699.1,ingroup,0.006689,0.206032333,60,0.032465778
849,6_84,Mauremys_mutica_KP100056.1,6,Geoemyda_spengleri_MH748151.1,ingroup,0.012786667,0.203499667,71,0.062833846
850,6_84,Chelonoidis_vandenburghi_MT017701.1,6,Chelonoidis_vicina_MT017699.1,ingroup,0.006518667,0.203926333,60,0.031965792
851,6_85,Mauremys_japonica_GU938833.1,6,Geoemyda_spengleri_MH748151.1,ingroup,0.012834667,0.177551667,71,0.07228694
852,6_85,Chelonoidis_vandenburghi_MT017701.1,6,Chelonoidis_vicina_MT017699.1,ingroup,0.006467333,0.217416333,60,0.029746309
853,6_86,Notochelys_platynota_HQ853256.1,6,Geoemyda_spengleri_MH748151.1,ingroup,0.018217667,0.219498333,71,0.082996834
854,6_86,Chelonoidis_vandenburghi_MT017701.1,6,Chelonoidis_vicina_MT017699.1,ingroup,0.00706,0.201673333,60,0.035007107
855,6_87,Cuora_amboinensis_FJ763736.1,6,Geoemyda_spengleri_MH748151.1,ingroup,0.012526667,0.18937,71,0.066149161
856,6_87,Chelonoidis_vandenburghi_MT017701.1,6,Chelonoidis_vicina_MT017699.1,ingroup,0.006281667,0.218475,60,0.028752336
857,6_88,Geoemyda_spengleri_MH748151.1,6,Geoemyda_spengleri_MH748151.1,ingroup,0.017594667,0.228898333,71,0.076866731
858,6_88,Chelonoidis_vandenburghi_MT017701.1,6,Chelonoidis_vicina_MT017699.1,ingroup,0.006116333,0.189203667,60,0.032326717
859,6_89,Sacalia_quadriocellata_MT372821.1,6,Geoemyda_spengleri_MH748151.1,ingroup,0.013590333,0.179526,71,0.075701198
860,6_89,Chelonoidis_vandenburghi_MT017701.1,6,Chelonoidis_vicina_MT017699.1,ingroup,0.006631,0.225926333,60,0.029350275
861,6_9,Sacalia_quadriocellata_MT372821.1,6,Geoemyda_spengleri_MH748151.1,ingroup,0.013587333,0.182942333,71,0.074271127
862,6_9,Chelonoidis_vicina_MT017699.1,6,Chelonoidis_vicina_MT017699.1,ingroup,0.006607667,0.219755,60,0.030068334
863,6_90,Cuora_trifasciata_KC543355.1,6,Geoemyda_spengleri_MH748151.1,ingroup,0.012820667,0.162749,71,0.078775702
864,6_90,Chelonoidis_vandenburghi_MT017701.1,6,Chelonoidis_vicina_MT017699.1,ingroup,0.006535333,0.227200333,60,0.028764629
865,6_91,Cuora_bourreti_JN980701.1,6,Geoemyda_spengleri_MH748151.1,ingroup,0.012432,0.162149667,71,0.076669908
866,6_91,Testudo_marginata__DQ080047.1,6,Chelonoidis_vicina_MT017699.1,ingroup,0.009766333,0.203475,60,0.047997707
867,6_92,Heosemys_grandis_KX816868.1,6,Geoemyda_spengleri_MH748151.1,ingroup,0.014174,0.233402333,71,0.060727756
868,6_92,Testudo_marginata__DQ080047.1,6,Chelonoidis_vicina_MT017699.1,ingroup,0.008999,0.193279333,60,0.046559556
869,6_93,Mauremys_annamensis_HM131942.1,6,Geoemyda_spengleri_MH748151.1,ingroup,0.012804333,0.205815,71,0.062212829
870,6_93,Testudo_marginata__DQ080047.1,6,Chelonoidis_vicina_MT017699.1,ingroup,0.009582667,0.205408667,60,0.046651715
871,6_94,Mauremys_mutica_KP100056.1,6,Geoemyda_spengleri_MH748151.1,ingroup,0.012800333,0.211321333,71,0.06057284
872,6_94,Testudo_marginata__DQ080047.1,6,Chelonoidis_vicina_MT017699.1,ingroup,0.009375333,0.206712,60,0.045354567
873,6_95,Mauremys_japonica_GU938833.1,6,Geoemyda_spengleri_MH748151.1,ingroup,0.012914,0.17089,71,0.07556908
874,6_95,Testudo_marginata__DQ080047.1,6,Chelonoidis_vicina_MT017699.1,ingroup,0.009371333,0.202803333,60,0.046208971
875,6_96,Notochelys_platynota_HQ853256.1,6,Geoemyda_spengleri_MH748151.1,ingroup,0.018005333,0.199921333,71,0.090062091
876,6_96,Testudo_marginata__DQ080047.1,6,Chelonoidis_vicina_MT017699.1,ingroup,0.009788333,0.184905667,60,0.052936903
877,6_97,Cuora_amboinensis_FJ763736.1,6,Geoemyda_spengleri_MH748151.1,ingroup,0.012474,0.181856333,71,0.068592607
878,6_97,Testudo_marginata__DQ080047.1,6,Chelonoidis_vicina_MT017699.1,ingroup,0.008983667,0.205844667,60,0.043642941
879,6_98,Geoemyda_spengleri_MH748151.1,6,Geoemyda_spengleri_MH748151.1,ingroup,0.017587,0.240095,71,0.073250172
880,6_98,Testudo_marginata__DQ080047.1,6,Chelonoidis_vicina_MT017699.1,ingroup,0.008934,0.205506667,60,0.043473042
881,6_99,Sacalia_quadriocellata_MT372821.1,6,Geoemyda_spengleri_MH748151.1,ingroup,0.013149667,0.185254,71,0.070981823
882,6_99,Testudo_marginata__DQ080047.1,6,Chelonoidis_vicina_MT017699.1,ingroup,0.009155,0.223096667,60,0.041036023
883,7_1,Cnemaspis_limi_HQ896026.1,7,Uroplatus_ebenaui_AB738950.1,ingroup,0.030909667,1.071515667,869,0.028846677
884,7_1,Homonota_fasciata_AB738953.1,7,Homonota_fasciata_AB738953.1,ingroup,0.029715333,0.876613333,109,0.03389788
885,7_10,Uroplatus_fimbriatus_AB612276.1,7,Uroplatus_ebenaui_AB738950.1,ingroup,0.046663333,1.255941,869,0.037154081
886,7_10,Homonota_fasciata_AB738953.1,7,Homonota_fasciata_AB738953.1,ingroup,0.028158333,0.719875667,109,0.039115551
887,7_11,Cnemaspis_limi_HQ896026.1,7,Uroplatus_ebenaui_AB738950.1,ingroup,0.028324,1.421295667,869,0.019928295
888,7_11,Phyllodactylus_unctus_HQ896027.1,7,Homonota_fasciata_AB738953.1,ingroup,0.032996333,1.806359333,109,0.018266761
889,7_12,Gekko_gecko_AY282753.1,7,Uroplatus_ebenaui_AB738950.1,ingroup,0.035241,1.353354667,869,0.026039737
890,7_12,Phyllodactylus_unctus_HQ896027.1,7,Homonota_fasciata_AB738953.1,ingroup,0.035696667,1.687052,109,0.021159198
891,7_13,Gekko_hokouensis_KT005801.1,7,Uroplatus_ebenaui_AB738950.1,ingroup,0.025891,1.074107667,869,0.02410466
892,7_13,Phyllodactylus_unctus_HQ896027.1,7,Homonota_fasciata_AB738953.1,ingroup,0.036303,1.519664,109,0.023888833
893,7_14,Lepidodactylus_lugubris_AB738945.1,7,Uroplatus_ebenaui_AB738950.1,ingroup,0.025998333,0.750414667,869,0.034645289
894,7_14,Phyllodactylus_unctus_HQ896027.1,7,Homonota_fasciata_AB738953.1,ingroup,0.036713333,1.180666,109,0.031095444
895,7_15,Phelsuma_guimbeaui_AB661664.1,7,Uroplatus_ebenaui_AB738950.1,ingroup,0.040047333,1.491986667,869,0.026841616
896,7_15,Phyllodactylus_unctus_HQ896027.1,7,Homonota_fasciata_AB738953.1,ingroup,0.033160333,1.577053667,109,0.021026763
897,7_16,Gekko_japonicus_KT005800.1,7,Uroplatus_ebenaui_AB738950.1,ingroup,0.025949667,0.657069667,869,0.039493022
898,7_16,Phyllodactylus_unctus_HQ896027.1,7,Homonota_fasciata_AB738953.1,ingroup,0.036563667,1.373722667,109,0.026616483
899,7_17,Cyrtopodion_scabrum_AB661665.1,7,Uroplatus_ebenaui_AB738950.1,ingroup,0.026263,1.096503,869,0.023951599
900,7_17,Phyllodactylus_unctus_HQ896027.1,7,Homonota_fasciata_AB738953.1,ingroup,0.034491333,1.621609667,109,0.021269812
901,7_18,Hemidactylus_bowringii__KM508815.1,7,Uroplatus_ebenaui_AB738950.1,ingroup,0.031932333,0.876064333,869,0.036449758
902,7_18,Phyllodactylus_unctus_HQ896027.1,7,Homonota_fasciata_AB738953.1,ingroup,0.033734667,1.325867,109,0.025443477
903,7_19,Gekko_swinhonis_JQ906550.1,7,Uroplatus_ebenaui_AB738950.1,ingroup,0.024868333,0.824369,869,0.030166507
904,7_19,Phyllodactylus_unctus_HQ896027.1,7,Homonota_fasciata_AB738953.1,ingroup,0.035695667,1.198860667,109,0.029774658
905,7_2,Gekko_gecko_AY282753.1,7,Uroplatus_ebenaui_AB738950.1,ingroup,0.036938333,1.124717667,869,0.032842316
906,7_2,Homonota_fasciata_AB738953.1,7,Homonota_fasciata_AB738953.1,ingroup,0.031072667,0.951390667,109,0.03266026
907,7_20,Uroplatus_fimbriatus_AB612276.1,7,Uroplatus_ebenaui_AB738950.1,ingroup,0.044310667,1.325170333,869,0.033437714
908,7_20,Phyllodactylus_unctus_HQ896027.1,7,Homonota_fasciata_AB738953.1,ingroup,0.032046667,1.050082333,109,0.030518242
909,7_21,Cnemaspis_limi_HQ896026.1,7,Uroplatus_ebenaui_AB738950.1,ingroup,0.030690667,1.297015667,869,0.023662526
910,7_21,Ptyodactylus_guttatus_AB661663.1,7,Homonota_fasciata_AB738953.1,ingroup,0.029747667,1.450626667,109,0.020506769
911,7_22,Gekko_gecko_AY282753.1,7,Uroplatus_ebenaui_AB738950.1,ingroup,0.036194667,1.099715333,869,0.03291276
912,7_22,Ptyodactylus_guttatus_AB661663.1,7,Homonota_fasciata_AB738953.1,ingroup,0.030879667,1.176032,109,0.026257505
913,7_23,Gekko_hokouensis_KT005801.1,7,Uroplatus_ebenaui_AB738950.1,ingroup,0.025622667,0.66601,869,0.038471895
914,7_23,Ptyodactylus_guttatus_AB661663.1,7,Homonota_fasciata_AB738953.1,ingroup,0.030204667,1.135555,109,0.026599035
915,7_24,Lepidodactylus_lugubris_AB738945.1,7,Uroplatus_ebenaui_AB738950.1,ingroup,0.026606333,0.701085667,869,0.037950189
916,7_24,Ptyodactylus_guttatus_AB661663.1,7,Homonota_fasciata_AB738953.1,ingroup,0.031396667,0.936999333,109,0.033507672
917,7_25,Phelsuma_guimbeaui_AB661664.1,7,Uroplatus_ebenaui_AB738950.1,ingroup,0.042426,1.714459667,869,0.024745989
918,7_25,Ptyodactylus_guttatus_AB661663.1,7,Homonota_fasciata_AB738953.1,ingroup,0.029812667,1.297224333,109,0.02298189
919,7_26,Gekko_japonicus_KT005800.1,7,Uroplatus_ebenaui_AB738950.1,ingroup,0.025965,0.751113333,869,0.034568685
920,7_26,Ptyodactylus_guttatus_AB661663.1,7,Homonota_fasciata_AB738953.1,ingroup,0.030848,1.059875,109,0.029105319
921,7_27,Cyrtopodion_scabrum_AB661665.1,7,Uroplatus_ebenaui_AB738950.1,ingroup,0.028094,1.015425,869,0.027667233
922,7_27,Ptyodactylus_guttatus_AB661663.1,7,Homonota_fasciata_AB738953.1,ingroup,0.030738333,1.207495,109,0.025456282
923,7_28,Hemidactylus_bowringii__KM508815.1,7,Uroplatus_ebenaui_AB738950.1,ingroup,0.034619,1.003204,869,0.034508435
924,7_28,Ptyodactylus_guttatus_AB661663.1,7,Homonota_fasciata_AB738953.1,ingroup,0.030718,1.063382667,109,0.028887061
925,7_29,Gekko_swinhonis_JQ906550.1,7,Uroplatus_ebenaui_AB738950.1,ingroup,0.025567,0.946954667,869,0.026999181
926,7_29,Ptyodactylus_guttatus_AB661663.1,7,Homonota_fasciata_AB738953.1,ingroup,0.030487,1.219335,109,0.025002973
927,7_3,Gekko_hokouensis_KT005801.1,7,Uroplatus_ebenaui_AB738950.1,ingroup,0.026752667,0.727631667,869,0.036766771
928,7_3,Homonota_fasciata_AB738953.1,7,Homonota_fasciata_AB738953.1,ingroup,0.031126333,0.729305333,109,0.042679426
929,7_30,Uroplatus_fimbriatus_AB612276.1,7,Uroplatus_ebenaui_AB738950.1,ingroup,0.047081,1.30968,869,0.035948476
930,7_30,Ptyodactylus_guttatus_AB661663.1,7,Homonota_fasciata_AB738953.1,ingroup,0.028968,1.061439333,109,0.027291244
931,7_31,Cnemaspis_limi_HQ896026.1,7,Uroplatus_ebenaui_AB738950.1,ingroup,0.031221667,1.321364667,869,0.02362835
932,7_31,Tarentola_mauritanica_EU443255.1,7,Homonota_fasciata_AB738953.1,ingroup,0.034839333,2.021526333,109,0.017234172
933,7_32,Gekko_gecko_AY282753.1,7,Uroplatus_ebenaui_AB738950.1,ingroup,0.034494667,1.261740333,869,0.027338959
934,7_32,Tarentola_mauritanica_EU443255.1,7,Homonota_fasciata_AB738953.1,ingroup,0.033723333,1.741903,109,0.019360052
935,7_33,Gekko_hokouensis_KT005801.1,7,Uroplatus_ebenaui_AB738950.1,ingroup,0.025067,0.671043,869,0.037355281
936,7_33,Tarentola_mauritanica_EU443255.1,7,Homonota_fasciata_AB738953.1,ingroup,0.034248,1.512894667,109,0.022637399
937,7_34,Lepidodactylus_lugubris_AB738945.1,7,Uroplatus_ebenaui_AB738950.1,ingroup,0.025511333,0.820513667,869,0.031091905
938,7_34,Tarentola_mauritanica_EU443255.1,7,Homonota_fasciata_AB738953.1,ingroup,0.035103,1.512062667,109,0.023215308
939,7_35,Phelsuma_guimbeaui_AB661664.1,7,Uroplatus_ebenaui_AB738950.1,ingroup,0.040703333,1.836022667,869,0.022169298
940,7_35,Tarentola_mauritanica_EU443255.1,7,Homonota_fasciata_AB738953.1,ingroup,0.032818667,1.494463333,109,0.021960169
941,7_36,Gekko_japonicus_KT005800.1,7,Uroplatus_ebenaui_AB738950.1,ingroup,0.02525,0.669132667,869,0.037735417
942,7_36,Tarentola_mauritanica_EU443255.1,7,Homonota_fasciata_AB738953.1,ingroup,0.034771667,1.229807333,109,0.028274077
943,7_37,Cyrtopodion_scabrum_AB661665.1,7,Uroplatus_ebenaui_AB738950.1,ingroup,0.027391667,0.87111,869,0.031444555
944,7_37,Tarentola_mauritanica_EU443255.1,7,Homonota_fasciata_AB738953.1,ingroup,0.034737333,1.315237333,109,0.026411456
945,7_38,Hemidactylus_bowringii__KM508815.1,7,Uroplatus_ebenaui_AB738950.1,ingroup,0.034891,0.733794333,869,0.047548745
946,7_38,Tarentola_mauritanica_EU443255.1,7,Homonota_fasciata_AB738953.1,ingroup,0.035667333,0.987062,109,0.036134846
947,7_39,Gekko_swinhonis_JQ906550.1,7,Uroplatus_ebenaui_AB738950.1,ingroup,0.024911333,0.779355667,869,0.031964011
948,7_39,Tarentola_mauritanica_EU443255.1,7,Homonota_fasciata_AB738953.1,ingroup,0.034488667,1.064521333,109,0.032398286
949,7_4,Lepidodactylus_lugubris_AB738945.1,7,Uroplatus_ebenaui_AB738950.1,ingroup,0.026820667,0.817659333,869,0.032801762
950,7_4,Homonota_fasciata_AB738953.1,7,Homonota_fasciata_AB738953.1,ingroup,0.031533667,0.760321,109,0.041474149
951,7_40,Uroplatus_fimbriatus_AB612276.1,7,Uroplatus_ebenaui_AB738950.1,ingroup,0.047765333,1.311720667,869,0.036414257
952,7_40,Tarentola_mauritanica_EU443255.1,7,Homonota_fasciata_AB738953.1,ingroup,0.034204,1.390419333,109,0.024599773
953,7_5,Phelsuma_guimbeaui_AB661664.1,7,Uroplatus_ebenaui_AB738950.1,ingroup,0.042583667,1.376751667,869,0.030930536
954,7_5,Homonota_fasciata_AB738953.1,7,Homonota_fasciata_AB738953.1,ingroup,0.029805,0.788063,109,0.03782058
955,7_6,Gekko_japonicus_KT005800.1,7,Uroplatus_ebenaui_AB738950.1,ingroup,0.026056,0.897804,869,0.029021925
956,7_6,Homonota_fasciata_AB738953.1,7,Homonota_fasciata_AB738953.1,ingroup,0.030966667,0.767527667,109,0.040345994
957,7_7,Cyrtopodion_scabrum_AB661665.1,7,Uroplatus_ebenaui_AB738950.1,ingroup,0.027300667,0.743523,869,0.036717985
958,7_7,Homonota_fasciata_AB738953.1,7,Homonota_fasciata_AB738953.1,ingroup,0.029962,0.660122667,109,0.045388534
959,7_8,Hemidactylus_bowringii__KM508815.1,7,Uroplatus_ebenaui_AB738950.1,ingroup,0.033965333,0.854384,869,0.039754178
960,7_8,Homonota_fasciata_AB738953.1,7,Homonota_fasciata_AB738953.1,ingroup,0.029491667,0.759022333,109,0.038854808
961,7_9,Gekko_swinhonis_JQ906550.1,7,Uroplatus_ebenaui_AB738950.1,ingroup,0.025459,0.776776333,869,0.0327752
962,7_9,Homonota_fasciata_AB738953.1,7,Homonota_fasciata_AB738953.1,ingroup,0.030206667,0.669104333,109,0.045144928
963,8_1,Bavayia_robusta_AB606969.1,8,Bavayia_robusta_AB606969.1,ingroup,0.017487,0.790846667,124,0.022111745
964,8_1,Aprasia_parapulchella_KJ004564.1,8,Aprasia_parapulchella_KJ004564.1,ingroup,0.016651667,0.861157667,70,0.019336374
965,9_1,Tropidophorus_hangnam_MN977920.1,9,Plestiodon_egregius_AB016606.1,ingroup,0.024247,0.768626667,1075,0.031545874
966,9_1,Lepidophyma_flavimaculatum_AB162908.1,9,Lepidophyma_flavimaculatum_AB162908.1,ingroup,0.029444,0.948771,125,0.031033832
967,9_10,Scincella_reevesii_MN832615.1,9,Plestiodon_egregius_AB016606.1,ingroup,0.022480333,0.816490333,1075,0.027532884
968,9_10,Lepidophyma_flavimaculatum_AB162908.1,9,Lepidophyma_flavimaculatum_AB162908.1,ingroup,0.029594333,0.82047,125,0.036069976
969,9_11,Tropidophorus_hangnam_MN977920.1,9,Plestiodon_egregius_AB016606.1,ingroup,0.023364,0.641158667,1075,0.036440278
970,9_11,Smaug_warreni_AB079613.1,9,Lepidophyma_flavimaculatum_AB162908.1,ingroup,0.025202667,0.890722333,125,0.028294639
971,9_12,Sphenomorphus_incognitus_MH329292.1,9,Plestiodon_egregius_AB016606.1,ingroup,0.024533667,0.652718333,1075,0.037586912
972,9_12,Smaug_warreni_AB079613.1,9,Lepidophyma_flavimaculatum_AB162908.1,ingroup,0.025139,1.137652333,125,0.022097261
973,9_13,Plestiodon_liui_MT662111.1,9,Plestiodon_egregius_AB016606.1,ingroup,0.020706667,0.934735667,1075,0.02215243
974,9_13,Smaug_warreni_AB079613.1,9,Lepidophyma_flavimaculatum_AB162908.1,ingroup,0.025564,0.906002,125,0.028216273
975,9_14,Isopachys_gyldenstolpei_MH020638.1,9,Plestiodon_egregius_AB016606.1,ingroup,0.022968,0.805226,1075,0.028523669
976,9_14,Smaug_warreni_AB079613.1,9,Lepidophyma_flavimaculatum_AB162908.1,ingroup,0.025140333,0.759585333,125,0.033097444
977,9_15,Sphenomorphus_indicus__MK450438.1,9,Plestiodon_egregius_AB016606.1,ingroup,0.022433,0.592257667,1075,0.037877095
978,9_15,Smaug_warreni_AB079613.1,9,Lepidophyma_flavimaculatum_AB162908.1,ingroup,0.025390667,1.123519333,125,0.022599225
979,9_16,Scincella_vandenburghi_KU646826.1,9,Plestiodon_egregius_AB016606.1,ingroup,0.022595,0.97289,1075,0.023224619
980,9_16,Smaug_warreni_AB079613.1,9,Lepidophyma_flavimaculatum_AB162908.1,ingroup,0.025600333,1.273209667,125,0.020106927
981,9_17,Plestiodon_elegans_KJ643142.1,9,Plestiodon_egregius_AB016606.1,ingroup,0.020015,0.691092333,1075,0.028961398
982,9_17,Smaug_warreni_AB079613.1,9,Lepidophyma_flavimaculatum_AB162908.1,ingroup,0.026126333,0.776723,125,0.033636616
983,9_18,Plestiodon_tunganus__MK370739.1,9,Plestiodon_egregius_AB016606.1,ingroup,0.020809667,0.645953667,1075,0.032215417
984,9_18,Smaug_warreni_AB079613.1,9,Lepidophyma_flavimaculatum_AB162908.1,ingroup,0.025357,0.826205333,125,0.030690918
985,9_19,Scincella_modesta_MN786972.1,9,Plestiodon_egregius_AB016606.1,ingroup,0.023007667,0.864988333,1075,0.026598817
986,9_19,Smaug_warreni_AB079613.1,9,Lepidophyma_flavimaculatum_AB162908.1,ingroup,0.025730667,1.248283667,125,0.020612836
987,9_2,Sphenomorphus_incognitus_MH329292.1,9,Plestiodon_egregius_AB016606.1,ingroup,0.024712667,0.773227667,1075,0.031960401
988,9_2,Lepidophyma_flavimaculatum_AB162908.1,9,Lepidophyma_flavimaculatum_AB162908.1,ingroup,0.028964667,0.882268333,125,0.03282977
989,9_20,Scincella_reevesii_MN832615.1,9,Plestiodon_egregius_AB016606.1,ingroup,0.022638333,0.554900333,1075,0.040797116
990,9_20,Smaug_warreni_AB079613.1,9,Lepidophyma_flavimaculatum_AB162908.1,ingroup,0.026165333,0.894383667,125,0.029255156
991,9_3,Plestiodon_liui_MT662111.1,9,Plestiodon_egregius_AB016606.1,ingroup,0.021306,1.423962333,1075,0.014962474
992,9_3,Lepidophyma_flavimaculatum_AB162908.1,9,Lepidophyma_flavimaculatum_AB162908.1,ingroup,0.029802667,0.788364,125,0.037803181
993,9_4,Isopachys_gyldenstolpei_MH020638.1,9,Plestiodon_egregius_AB016606.1,ingroup,0.023328,1.294510667,1075,0.018020709
994,9_4,Lepidophyma_flavimaculatum_AB162908.1,9,Lepidophyma_flavimaculatum_AB162908.1,ingroup,0.029267667,0.607894667,125,0.048145951
995,9_5,Sphenomorphus_indicus__MK450438.1,9,Plestiodon_egregius_AB016606.1,ingroup,0.022546,0.980509,1075,0.02299418
996,9_5,Lepidophyma_flavimaculatum_AB162908.1,9,Lepidophyma_flavimaculatum_AB162908.1,ingroup,0.029383667,0.742813333,125,0.039557269
997,9_6,Scincella_vandenburghi_KU646826.1,9,Plestiodon_egregius_AB016606.1,ingroup,0.022793,1.4511,1075,0.015707394
998,9_6,Lepidophyma_flavimaculatum_AB162908.1,9,Lepidophyma_flavimaculatum_AB162908.1,ingroup,0.029685333,0.828961,125,0.035810289
999,9_7,Plestiodon_elegans_KJ643142.1,9,Plestiodon_egregius_AB016606.1,ingroup,0.020441667,0.942335667,1075,0.021692553
1000,9_7,Lepidophyma_flavimaculatum_AB162908.1,9,Lepidophyma_flavimaculatum_AB162908.1,ingroup,0.030256,0.666697333,125,0.045381912
1001,9_8,Plestiodon_tunganus__MK370739.1,9,Plestiodon_egregius_AB016606.1,ingroup,0.022078667,0.739129333,1075,0.029871182
1002,9_8,Lepidophyma_flavimaculatum_AB162908.1,9,Lepidophyma_flavimaculatum_AB162908.1,ingroup,0.030165333,0.628654667,125,0.047983949
1003,9_9,Scincella_modesta_MN786972.1,9,Plestiodon_egregius_AB016606.1,ingroup,0.022979667,1.436860667,1075,0.015992968
1004,9_9,Lepidophyma_flavimaculatum_AB162908.1,9,Lepidophyma_flavimaculatum_AB162908.1,ingroup,0.029623,0.893945667,125,0.033137361