Class,Species,Order,Mass,Tb,Tlc,BMR,Cmin,BMR.res,Cmin.res,A,I
Mammals,Setifer setosus,Afrosoricida,530,32.2,28,122.4,29.14,-0.43,-0.03,0.4,0
Mammals,Pecari tajacu,Artiodactyla,20000,38,28,5800,580,0.11,0.38,0.27,1
Mammals,Philantomba monticola,Artiodactyla,4200,39.1,25,1806,128.09,0.09,0.1,0.01,1
Mammals,Raphicerus campestris,Artiodactyla,9600,39,30,3696,410.67,0.14,0.4,0.26,1
Mammals,Tragulus javanicus,Artiodactyla,1618,38.4,26.6,872.1,73.91,0.07,0.1,0.03,1
Mammals,Ailurus fulgens,Carnivora,5740,37.6,25,878.2,69.7,-0.32,-0.24,0.08,0
Mammals,Arctictis binturong,Carnivora,14280,36,27,1128.1,125.34,-0.5,-0.21,0.29,0
Mammals,Arctogalidia trivirgata,Carnivora,2010,36.2,19,552.8,32.14,-0.19,-0.32,-0.13,1
Mammals,Canis latrans,Carnivora,10000,36,22,2700,192.86,-0.01,0.07,0.08,0.87
Mammals,Cerdocyon thous,Carnivora,5444,38.6,25,1497.1,110.08,-0.07,-0.03,0.04,0
Mammals,Eira barbara,Carnivora,2950,38.4,26,1221.3,98.49,0.03,0.07,0.04,1
Mammals,Fossa fossana,Carnivora,2260,37.9,26,906.3,76.16,-0.01,0.03,0.04,0.73
Mammals,Galerella sanguinea,Carnivora,540,38.7,26,410.4,32.31,0.09,0.01,-0.08,0
Mammals,Genetta tigrina,Carnivora,1698,38.5,26,747.1,59.77,-0.01,-0.01,0,0
Mammals,Martes americana,Carnivora,900,37,26,594.9,54.08,0.09,0.1,0.01,1
Mammals,Nandinia binotata,Carnivora,4270,37.4,27,862.5,82.93,-0.24,-0.09,0.15,0
Mammals,Paradoxurus hermaphroditus,Carnivora,2910,36.5,27,797.3,83.93,-0.15,0.01,0.16,0.05
Mammals,Spilogale putorius,Carnivora,624,36.5,30,312,48,-0.07,0.14,0.21,0.67
Mammals,Suricata suricatta,Carnivora,850,36.3,30,310.3,49.25,-0.17,0.08,0.25,0.31
Mammals,Vulpes macrotis,Carnivora,1868,38,22,1143.2,71.45,0.15,0.05,-0.1,0
Mammals,Vulpes zerda,Carnivora,44.1,32,23.4,23.5,2.73,-0.36,-0.45,-0.09,1
Mammals,Anoura caudifer,Chiroptera,11.5,36.3,26,42.7,4.15,0.32,0.06,-0.26,0
Mammals,Anoura latidens,Chiroptera,13.6,38.12,34.7,36.9,10.79,0.2,0.43,0.23,1
Mammals,Artibeus concolor,Chiroptera,19.7,35,29,39.8,6.63,0.12,0.13,0.01,1
Mammals,Artibeus jamaicensis,Chiroptera,45.2,36,25,76.8,6.98,0.15,-0.05,-0.2,0.26
Mammals,Artibeus lituratus,Chiroptera,70.1,36.7,25,108,9.23,0.16,-0.04,-0.2,0.2
Mammals,Carollia perspicillata,Chiroptera,14.9,36.6,29,43.1,5.67,0.24,0.13,-0.11,0
Mammals,Chrotopterus auritus,Chiroptera,96.1,37.2,28,141.3,15.36,0.17,0.11,-0.06,0
Mammals,Cynopterus brachyotis,Chiroptera,37.4,36.5,30,47.5,7.31,0,0.01,0.01,1
Mammals,Desmodus rotundus,Chiroptera,29.4,35,29,34.7,5.78,-0.06,-0.03,0.03,0
Mammals,Diaemus youngi,Chiroptera,36.6,33,25,37.3,4.66,-0.1,-0.18,-0.08,1
Mammals,Diphylla ecaudata,Chiroptera,27.8,33,26,38.6,5.51,0,-0.04,-0.04,1
Mammals,Dobsonia anderseni,Chiroptera,241.4,36.4,28,174,20.71,-0.03,0.01,0.04,0.24
Mammals,Dobsonia praedatrix,Chiroptera,179.5,37.1,26,142.5,12.84,-0.02,-0.13,-0.11,1
Mammals,Eonycteris spelaea,Chiroptera,51.6,34,26,48,6,-0.1,-0.15,-0.05,1
Mammals,Erophylla bombifrons,Chiroptera,16.1,33,30,17.7,5.9,-0.17,0.13,0.3,0.43
Mammals,Glossophaga longirostris,Chiroptera,13.5,37.5,31.5,26.5,4.42,0.06,0.04,-0.02,0
Mammals,Glossophaga soricina,Chiroptera,6.8,36.5,31.4,17.7,3.47,0.1,0.11,0.01,1
Mammals,Hipposideros galeritus,Chiroptera,8.5,31.9,29,9.4,3.24,-0.24,0.02,0.26,0.09
Mammals,Histiotus velatus,Chiroptera,11.2,32,25,10,1.43,-0.3,-0.4,-0.1,1
Mammals,Leptonycteris curasoae,Chiroptera,24,36,27,34.1,3.79,-0.01,-0.16,-0.15,1
Mammals,Macroderma gigas,Chiroptera,107,35.6,30,94.2,16.82,-0.04,0.12,0.16,0.75
Mammals,Miniopterus schreibersii,Chiroptera,10.91,37.7,32.5,26,5,0.12,0.15,0.03,1
Mammals,Molossus molossus,Chiroptera,15.6,36,32,22.5,5.63,-0.05,0.11,0.16,0.7
Mammals,Monophyllus redmani,Chiroptera,8.7,35.5,31,11.1,2.47,-0.17,-0.1,0.07,0
Mammals,Mormoops blainvillei,Chiroptera,8.6,33,30,8,2.67,-0.31,-0.06,0.25,0
Mammals,Natalus tumidirostris,Chiroptera,5.4,34,28,8.3,1.38,-0.15,-0.24,-0.09,1
Mammals,Noctilio albiventris,Chiroptera,27,34.2,32,31.6,14.36,-0.08,0.39,0.47,0.83
Mammals,Noctilio leporinus,Chiroptera,61,33.3,28,70.8,13.36,0.02,0.16,0.14,1
Mammals,Nyctimene albiventer,Chiroptera,30.9,35.9,28,26.4,3.34,-0.2,-0.28,-0.08,1
Mammals,Peropteryx macrotis,Chiroptera,5.1,35,30.5,11.8,2.62,0.02,0.06,0.04,1
Mammals,Phyllostomus discolor,Chiroptera,33.5,34,25,47.9,5.32,0.04,-0.1,-0.14,0.71
Mammals,Phyllostomus elongatus,Chiroptera,35.6,36,25,38.8,3.53,-0.08,-0.29,-0.21,1
Mammals,Phyllostomus hastatus,Chiroptera,84.2,35,25,100.2,10.02,0.07,-0.05,-0.12,0.41
Mammals,Pteronotus quadridens,Chiroptera,4.9,32.8,30,6.1,2.18,-0.25,-0.01,0.24,0
Mammals,Rhinonicteris aurantia,Chiroptera,8.27,36.1,32.5,16.2,4.5,0,0.17,0.17,1
Mammals,Rhinophylla pumilio,Chiroptera,9.5,36,30,18.6,3.1,0.02,-0.02,-0.04,0.54
Mammals,Saccopteryx bilineata,Chiroptera,8.2,35.5,30,15.3,2.78,-0.02,-0.03,-0.01,1
Mammals,Sturnira erythromos,Chiroptera,15.9,34.4,25.5,39.9,4.48,0.19,0.01,-0.18,0
Mammals,Sturnira lilium,Chiroptera,21.9,36.6,30,53.2,8.06,0.21,0.19,-0.02,0
Mammals,Tonatia bidens,Chiroptera,27.4,37,28,55.1,6.12,0.16,0.01,-0.15,0
Mammals,Uroderma bilobatum,Chiroptera,16.2,36.3,30,31.6,5.02,0.08,0.06,-0.02,0
Mammals,Chaetophractus nationi,Cingulata,2150,35.5,29,559,86,-0.21,0.09,0.3,0.31
Mammals,Chaetophractus vellerosus,Cingulata,1110,34.4,30,306.4,69.64,-0.26,0.16,0.42,0.38
Mammals,Dasypus novemcinctus,Cingulata,3320,34.5,28,806.8,124.12,-0.19,0.15,0.34,0.43
Mammals,Euphractus sexcinctus,Cingulata,8190,34.2,26,1244.9,151.82,-0.28,0.01,0.29,0.04
Mammals,Tolypeutes matacus,Cingulata,1160,33,28,210,42,-0.44,-0.07,0.37,0
Mammals,Zaedyus pichiy,Cingulata,1740,35.2,28,393.2,54.61,-0.29,-0.05,0.24,0
Mammals,Planigale maculata,Dasyuromorphia,13.1,34.2,31,13.2,4.13,-0.23,0.02,0.25,0.09
Mammals,Caluromys derbianus,Didelphimorphia,357,34,25,203.5,22.61,-0.08,-0.05,0.03,0
Mammals,Chironectes minimus,Didelphimorphia,946,35.3,24.5,548.7,50.81,0.04,0.06,0.02,1
Mammals,Didelphis marsupialis,Didelphimorphia,1329,35,25.5,611.3,64.35,-0.02,0.08,0.1,0.81
Mammals,Didelphis virginiana,Didelphimorphia,3257,34.8,22,1074.8,83.97,-0.05,-0.02,0.03,0
Mammals,Lutreolina crassicaudata,Didelphimorphia,812,35.8,27,406,46.14,-0.04,0.06,0.1,0.6
Mammals,Marmosa lepida,Didelphimorphia,106,36.3,31,63.6,12,-0.2,-0.03,0.17,0
Mammals,Marmosa robinsoni,Didelphimorphia,122,34,26.5,97.6,13.01,-0.06,-0.03,0.03,0
Mammals,Metachirus nudicaudatus,Didelphimorphia,336,35,27.5,205,27.33,-0.06,0.05,0.11,0.45
Mammals,Monodelphis brevicaudata,Didelphimorphia,111,33.8,28,75.5,13.02,-0.14,0,0.14,0
Mammals,Philander opossum,Didelphimorphia,751,35.8,29.5,338,53.65,-0.1,0.14,0.24,0.59
Mammals,Cercartetus nanus,Diprotodontia,60,34.9,31,51.6,13.23,-0.12,0.16,0.28,0.56
Mammals,Cercopithecus mitis,Diprotodontia,8800,37,5,3520,110,0.15,-0.15,-0.3,0.49
Mammals,Dendrolagus matschiei,Diprotodontia,6960,36.3,27,1426.8,153.42,-0.17,0.06,0.23,0.25
Mammals,Lagorchestes conspicillatus,Diprotodontia,2660,35.8,25,851.2,78.81,-0.09,0,0.09,0.02
Mammals,Lasiorhinus latifrons,Diprotodontia,25000,34,25,2750,305.56,-0.29,0.04,0.33,0.13
Mammals,Macropus giganteus,Diprotodontia,26200,36.5,15,7074,329.02,0.11,0.06,-0.05,0
Mammals,Macropus rufus,Diprotodontia,23300,36.3,15,5032.8,236.28,0,-0.05,-0.05,1
Mammals,Petaurus breviceps,Diprotodontia,130,36.3,27,93.6,10.06,-0.1,-0.15,-0.05,1
Mammals,Phascolarctos cinereus,Diprotodontia,4765,35.8,20,1048.3,66.35,-0.19,-0.22,-0.03,1
Mammals,Tarsipes rostratus,Diprotodontia,10,36.6,28,29,3.37,0.2,0,-0.2,0
Mammals,Atelerix albiventris,Erinaceomorpha,450,35.2,30,146.7,28.21,-0.3,-0.01,0.29,0
Mammals,Erinaceus concolor,Erinaceomorpha,822.7,35.2,27.5,347.2,45.09,-0.11,0.05,0.16,0.3
Mammals,Heterohyrax brucei,Hyracoidae,1287,36.4,25,669.2,58.7,0.03,0.05,0.02,1
Mammals,Sylvilagus audubonii,Lagomorpha,701,38.25,28,456.4,44.53,0.06,0.08,0.02,1
Mammals,Elephantulus edwardii,Macroscelidae,49.8,3.76E+01,32.5,54.3,10.65,-0.04,0.11,0.15,0.73
Mammals,Macroscelides proboscideus,Macroscelidae,38.8,36.23,35,52,42.28,0.02,0.77,0.75,1
Mammals,Colobus guereza,Primates,10800,37,5,3132,97.88,0.03,-0.25,-0.28,0.89
Mammals,Eulemur fulvus,Primates,2330,38.8,30,324.8,36.91,-0.47,-0.29,0.18,0
Mammals,Nycticebus coucang,Primates,953.3,35.1,25,218.3,21.61,-0.36,-0.31,0.05,0
Mammals,Perodicticus potto,Primates,932,36,25,347.6,31.6,-0.15,-0.14,0.01,0
Mammals,Abrothrix andinus,Rodentia,34.6,39.3,27,64.7,5.26,0.16,-0.11,-0.27,0.41
Mammals,Abrothrix longipilis,Rodentia,42.3,36.5,27,57.5,6.05,0.04,-0.1,-0.14,0.71
Mammals,Akodon azarae,Rodentia,30,37.7,30,51,6.62,0.1,0.02,-0.08,0
Mammals,Ammospermophilus leucurus,Rodentia,79.2,37.2,31,103,16.61,0.1,0.19,0.09,1
Mammals,Aplodontia rufa,Rodentia,630,38,26.5,277.2,24.1,-0.13,-0.16,-0.03,1
Mammals,Apodemus mystacinus,Rodentia,42.3,38.3,28,70.6,6.85,0.13,-0.04,-0.17,0.25
Mammals,Auliscomys boliviensis,Rodentia,76.8,36.9,23,110.6,7.96,0.14,-0.13,-0.27,0.47
Mammals,Baiomys taylori,Rodentia,7.3,36,29,14.2,2.03,-0.01,-0.14,-0.13,1
Mammals,Cabassous centralis,Rodentia,3180,33.6,27.5,677.3,111.03,-0.25,0.11,0.36,0.3
Mammals,Cannomys badius,Rodentia,344,36,27,172,19.11,-0.14,-0.11,0.03,0
Mammals,Chaetodipus hispidus,Rodentia,35.8,37.5,30.5,44.8,6.4,-0.02,-0.03,-0.01,1
Mammals,Chaetodipus intermedius,Rodentia,14.6,35,33,15.6,7.8,-0.19,0.27,0.46,0.59
Mammals,Cryptomys bocagei,Rodentia,94,33.7,31.5,69.6,31.64,-0.13,0.42,0.55,0.77
Mammals,Cryptomys damarensis,Rodentia,124,35.2,27,70.7,8.62,-0.21,-0.21,0,0
Mammals,Cryptomys hottentotus,Rodentia,77,33.8,28,48.5,8.36,-0.22,-0.1,0.12,0
Mammals,Cryptomys mechowi,Rodentia,267,34,29,160.2,32.04,-0.09,0.17,0.26,0.66
Mammals,Ctenomys talarum,Rodentia,126,36.1,25,119.2,10.74,0.01,-0.12,-0.13,0.92
Mammals,Cynomys ludovicianus,Rodentia,1112.3,37.2,30,422.7,58.71,-0.12,0.09,0.21,0.42
Mammals,Dasyprocta azarae,Rodentia,3849,37.4,18,1886,97.22,0.14,0,-0.14,0
Mammals,Dasyprocta leporina,Rodentia,2687,38.3,20,1558.5,85.16,0.17,0.03,-0.14,0
Mammals,Dipodomys deserti,Rodentia,106,36.8,28.5,92.2,11.11,-0.04,-0.06,-0.02,1
Mammals,Dipodomys microps,Rodentia,57.2,36.4,27,66.9,7.12,0.01,-0.1,-0.11,0.91
Mammals,Dolichotis salinicola,Rodentia,1613,38.4,28,725.9,69.8,0,0.07,0.07,1
Mammals,Geomys bursarius,Rodentia,197,36.4,30,137.9,21.55,-0.06,0.08,0.14,0.56
Mammals,Geomys pinetis,Rodentia,202,36.1,26,135.3,13.4,-0.08,-0.14,-0.06,1
Mammals,Georychus capensis,Rodentia,192.6,36.4,26.3,113.6,11.25,-0.14,-0.2,-0.06,1
Mammals,Gerbillurus paeba,Rodentia,31.13,36,33.3,27.7,10.26,-0.18,0.21,0.39,0.53
Mammals,Gerbillus andersoni,Rodentia,35.8,37,28,39.4,4.38,-0.07,-0.2,-0.13,1
Mammals,Gerbillus nanus,Rodentia,28.2,38.8,33,22,3.79,-0.25,-0.2,0.05,0
Mammals,Heterocephalus glaber,Rodentia,39.2,32.3,32,21.6,72,-0.36,1,1.36,0.73
Mammals,Heteromys anomalus,Rodentia,69.3,36,26,100.5,10.05,0.13,0,-0.13,0
Mammals,Hydrochoerus hydrochaeris,Rodentia,26400,37.1,22,6600,437.09,0.07,0.18,0.11,1
Mammals,Hystrix africaeaustralis,Rodentia,11100,37,24,2319.9,178.45,-0.11,0.01,0.12,0.06
Mammals,Isthmomys pirrensis,Rodentia,140.4,37.5,30,123.6,16.48,0,0.04,0.04,1
Mammals,Jaculus jaculus,Rodentia,74.5,37,33,91.6,22.9,0.07,0.34,0.27,1
Mammals,Jaculus orientalis,Rodentia,139.1,37,28,139.1,15.46,0.05,0.02,-0.03,0
Mammals,Kerodon rupestris,Rodentia,442,38.2,27,282.9,25.26,-0.01,-0.05,-0.04,1
Mammals,Liomys irroratus,Rodentia,48.1,36.63,31,53.9,9.57,-0.03,0.07,0.1,0.7
Mammals,Liomys salvini,Rodentia,43.8,37.09,31,46.9,7.7,-0.06,0,0.06,0
Mammals,Loxodontomys micropus,Rodentia,62.3,37.2,22,97.8,6.43,0.15,-0.17,-0.32,0.53
Mammals,Microtus longicaudus,Rodentia,29.16,37.7,20,76.4,4.32,0.28,-0.15,-0.43,0.36
Mammals,Microtus montanus,Rodentia,30.79,37.5,26,81.6,7.1,0.29,0.05,-0.24,0
Mammals,Microtus ochrogaster,Rodentia,36.3,37.8,25,40.3,3.15,-0.07,-0.34,-0.27,1
Mammals,Myodes gapperi,Rodentia,23.3,37.6,26.5,48.5,4.37,0.15,-0.09,-0.24,0.39
Mammals,Myoprocta acouchy,Rodentia,914,35.4,25,502.7,48.34,0.02,0.05,0.03,1
Mammals,Myopus schisticolor,Rodentia,26.4,39,20.9,93.5,5.17,0.4,-0.05,-0.45,0.11
Mammals,Mystromys albicaudatus,Rodentia,93.78,37.5,20,126.8,7.25,0.13,-0.22,-0.35,0.62
Mammals,Napaeozapus insignis,Rodentia,20.9,37,31,92,15.33,0.47,0.48,0.01,1
Mammals,Notomys alexis,Rodentia,32.3,37.7,32,45.2,7.93,0.02,0.08,0.06,1
Mammals,Ochrotomys nuttalli,Rodentia,19.5,38.08,29.5,27.1,3.16,-0.04,-0.19,-0.15,1
Mammals,Octodon degus,Rodentia,206,37.6,27,191.6,18.08,0.07,-0.01,-0.08,0.13
Mammals,Octodontomys gliroides,Rodentia,152,37.2,25,130.7,10.71,-0.01,-0.16,-0.15,1
Mammals,Otomys irroratus,Rodentia,102,36.5,24,84.9,6.79,-0.07,-0.26,-0.19,1
Mammals,Pedetes capensis,Rodentia,2300,36,23,736,56.62,-0.11,-0.11,0,0
Mammals,Peromyscus eremicus,Rodentia,21.5,36.6,29,31.8,4.18,0,-0.09,-0.09,1
Mammals,Peromyscus leucopus,Rodentia,21.2,36,27.5,35.2,4.14,0.05,-0.09,-0.14,0.65
Mammals,Peromyscus truei,Rodentia,33.2,36.7,27,50.8,5.24,0.06,-0.1,-0.16,0.63
Mammals,Phyllotis darwini,Rodentia,59,37,27.5,71.4,7.52,0.03,-0.09,-0.12,0.74
Mammals,Priodontes maximus,Rodentia,45190,33.6,27,3027.7,458.74,-0.43,0.07,0.5,0.15
Mammals,Pseudomys hermannsburgensis,Rodentia,12.2,37.5,31,23.3,3.58,0.04,-0.02,-0.06,0.35
Mammals,Rattus fuscipes,Rodentia,130,37.4,28.1,141.7,15.24,0.08,0.03,-0.05,0
Mammals,Rattus villosissimus,Rodentia,250.6,38.9,30,220.5,24.78,0.06,0.08,0.02,1
Mammals,Saccostomus campestris,Rodentia,83.4,35.4,28,81.7,11.04,-0.02,0,0.02,0
Mammals,Spalacopus cyanus,Rodentia,178,36,26.5,112.1,11.8,-0.12,-0.16,-0.04,1
Mammals,Spalax leucodon,Rodentia,207.7,37,25,159.9,13.33,-0.02,-0.15,-0.13,1
Mammals,Spermophilus beecheyi,Rodentia,599.6,37.6,25,317.8,25.22,-0.05,-0.13,-0.08,1
Mammals,Tachyoryctes splendens,Rodentia,233.6,36.2,27,163.5,17.77,-0.04,-0.05,-0.01,1
Mammals,Tamias merriami,Rodentia,60.8,37,29,91.2,11.4,0.13,0.09,-0.04,0
Mammals,Thomomys bottae,Rodentia,143,36,28,120.1,15.01,-0.02,0,0.02,0
Mammals,Thomomys talpoides,Rodentia,106,35.5,26,141,14.84,0.14,0.07,-0.07,0
Mammals,Thomomys umbrinus,Rodentia,85,34.6,27,72.3,9.51,-0.08,-0.07,0.01,0
Mammals,Thrichomys apereoides,Rodentia,323,37.6,25,206.7,16.4,-0.04,-0.16,-0.12,1
Mammals,Tupaia belangeri,Scandentia,100.86,39.4,30,139.2,14.81,0.15,0.08,-0.07,0
Mammals,Tupaia glis,Scandentia,123,37,30,93.5,13.36,-0.08,-0.02,0.06,0
Mammals,Blarina brevicauda,Soricomorpha,20.5,38,25,66,5.08,0.33,0,-0.33,0
Mammals,Condylura cristata,Soricomorpha,49,37.7,24.5,110.3,8.36,0.28,0.01,-0.27,0
Mammals,Neurotrichus gibbsii,Soricomorpha,11.8,38.7,25,46.5,3.39,0.35,-0.04,-0.39,0.1
Mammals,Notiosorex crawfordi,Soricomorpha,4,38,32,13.1,2.18,0.14,0.04,-0.1,0
Mammals,Scalopus aquaticus,Soricomorpha,48,36,26,67.7,6.77,0.07,-0.08,-0.15,0.54
Birds,Buteo buteo,Accipitriformes,1012,39.8,13,646.3,24.12,0.05,-0.06,-0.11,0.56
Birds,Anas aucklandica,Anseriformes,373.1,41.3,30,322.7,28.56,0.02,0.23,0.21,1
Birds,Anas castanea,Anseriformes,483.3,41.5,24,327.9,18.74,-0.04,-0.01,0.03,0
Birds,Anas gracilis,Anseriformes,393.7,41.3,30,572.7,50.68,0.26,0.47,0.21,1
Birds,Anas rhynchotis,Anseriformes,508,40.9,22,452.7,23.95,0.08,0.09,0.01,1
Birds,Aythya novaeseelandiae,Anseriformes,488.4,40,16,401.5,16.73,0.04,-0.06,-0.1,0.6
Birds,Hymenolaimus malacorhynchos,Anseriformes,717.1,41,12,540.6,18.64,0.07,-0.1,-0.17,0.59
Birds,Tadorna variegata,Anseriformes,1193.6,40.2,22,575.5,31.62,-0.05,0.02,0.07,0.26
Birds,Collocalia esculenta,Apodiformes,6.8,38.2,31.5,13.9,2.07,-0.22,-0.02,0.2,0
Birds,Collocalia vanikorensis,Apodiformes,11.6,38.9,30,20.6,2.31,-0.2,-0.09,0.11,0
Birds,Aegotheles cristatus,Caprimulgiformes,45.56,38.2,31,55.9,7.76,-0.15,0.13,0.28,0.46
Birds,Caprimulgus macrurus,Caprimulgiformes,68.6,38.1,26,53.5,4.42,-0.28,-0.21,0.07,0
Birds,Caprimulgus vociferus,Caprimulgiformes,46,37,25,55.9,4.66,-0.15,-0.09,0.06,0
Birds,Chordeiles minor,Caprimulgiformes,72,40,30,76,7.6,-0.14,0.02,0.16,0.12
Birds,Eurostopodus mystacalis,Caprimulgiformes,162,40.1,30,82.7,8.19,-0.33,-0.13,0.2,0
Birds,Phalaenoptilus nuttallii,Caprimulgiformes,40,40.2,35,30.6,5.88,-0.37,0.04,0.41,0.09
Birds,Podargus strigoides,Caprimulgiformes,380.3,38.6,30,177.8,20.67,-0.24,0.09,0.33,0.26
Birds,Calidris alpina,Charadriiformes,53,37.6,28.2,83.2,8.85,-0.02,0.15,0.17,0.88
Birds,Calidris minuta,Charadriiformes,29,39,28,53.1,4.83,-0.05,0.02,0.07,0.32
Birds,Cepphus grylle,Charadriiformes,342.2,39.9,7,520.1,15.81,0.26,-0.01,-0.27,0.03
Birds,Haematopus ostralegus,Charadriiformes,385.4,39.1,19,524.4,26.09,0.23,0.18,-0.05,0
Birds,Pluvialis apricaria,Charadriiformes,151,38.9,18,213.7,10.22,0.1,-0.02,-0.12,0.13
Birds,Rissa tridactyla,Charadriiformes,365,40.2,5,569.8,16.19,0.28,-0.01,-0.29,0.04
Birds,Sterna fuscata,Charadriiformes,176.75,39.3,28,137.7,12.19,-0.14,0.03,0.17,0.16
Birds,Uria lomvia,Charadriiformes,819,39.6,2,872.4,23.2,0.24,-0.03,-0.27,0.12
Birds,Bubulcus ibis,Ciconiiformes,299.2,40,25,171.6,11.44,-0.19,-0.12,0.07,0
Birds,Egretta thula,Ciconiiformes,314,40.2,26,233.7,16.46,-0.07,0.03,0.1,0.3
Birds,Egretta tricolor,Ciconiiformes,309,40.4,29,292.5,25.66,0.03,0.23,0.2,1
Birds,Colius colius,Coliiformes,40.2,37,29,30.6,3.83,-0.38,-0.15,0.23,0
Birds,Colius striatus,Coliiformes,51,39,25,40.6,2.9,-0.32,-0.32,0,1
Birds,Urocolius macrourus,Coliiformes,51.3,40.6,29,38.5,3.32,-0.34,-0.27,0.07,0
Birds,Caloenas nicobarica,Columbiformes,613,40.9,25,312.1,19.63,-0.13,-0.04,0.09,0
Birds,Columba livia,Columbiformes,467,41.6,23,247.6,13.31,-0.15,-0.15,0,1
Birds,Columba vitiensis,Columbiformes,467.9,39.9,22,248.3,13.87,-0.15,-0.13,0.02,0
Birds,Columbina inca,Columbiformes,41.5,40.2,32,44.9,5.48,-0.22,0,0.22,0
Birds,Drepanoptila holosericea,Columbiformes,198,39,27,142,11.83,-0.16,-0.01,0.15,0
Birds,Ducula bicolor,Columbiformes,453,40.9,26,234.7,15.75,-0.17,-0.07,0.1,0
Birds,Ducula pacifica,Columbiformes,333.4,39.8,27.5,135.8,11.04,-0.32,-0.16,0.16,0
Birds,Ducula pinon,Columbiformes,583.8,39.7,23,306.4,18.35,-0.12,-0.06,0.06,0
Birds,Ducula pistrinaria,Columbiformes,394.2,40.8,27,184.5,13.37,-0.23,-0.11,0.12,0
Birds,Ducula rubricera,Columbiformes,418.8,40.8,24,234.7,13.97,-0.15,-0.11,0.04,0
Birds,Ducula rufigaster,Columbiformes,376.7,40.6,26,218.9,14.99,-0.15,-0.05,0.1,0
Birds,Ducula zoeae,Columbiformes,456.2,40.2,19,293,13.82,-0.07,-0.13,-0.06,1
Birds,Geopelia cuneata,Columbiformes,39,39,34,45.9,9.18,-0.19,0.24,0.43,0.55
Birds,Geophaps plumifera,Columbiformes,89,40.5,33,72.7,9.69,-0.22,0.08,0.3,0.26
Birds,Goura cristata,Columbiformes,2313.4,40.9,19,734.2,33.53,-0.13,-0.1,0.03,0
Birds,Gymnophaps albertisii,Columbiformes,241.6,39.2,22,162.5,9.45,-0.15,-0.15,0,1
Birds,Hemiphaga novaeseelandiae,Columbiformes,435.6,40.4,20,324.1,15.89,-0.02,-0.06,-0.04,1
Birds,Leucosarcia melanoleuca,Columbiformes,468,40.7,24,287.8,17.23,-0.09,-0.04,0.05,0
Birds,Oena capensis,Columbiformes,36,39,32,42.1,6.01,-0.21,0.07,0.28,0.25
Birds,Ptilinopus melanospilus,Columbiformes,98,38.9,30,84.1,9.45,-0.19,0.05,0.24,0.19
Birds,Ptilinopus perlatus,Columbiformes,196,39.5,24,182.6,11.78,-0.04,-0.01,0.03,0
Birds,Zenaida macroura,Columbiformes,91.4,40.5,30,111.4,10.61,-0.04,0.11,0.15,0.74
Birds,Aceros plicatus,Coraciiformes,1965,40.1,16,929.7,38.58,0.02,-0.01,-0.03,0.23
Birds,Dacelo novaeguineae,Coraciiformes,336,37,20,192.2,11.31,-0.17,-0.15,0.02,0
Birds,Phoeniculus purpureus,Coraciiformes,72.19,39.3,23.1,113.8,7.02,0.03,-0.02,-0.05,0.34
Birds,Todus mexicanus,Coraciiformes,6.3,36.7,29,19.6,2.55,-0.05,0.08,0.13,0.62
Birds,Guira guira,Cuculiformes,140,40,27,185.9,14.3,0.06,0.15,0.09,1
Birds,Daptrius ater,Falconiformes,362,39.1,19.5,206.5,10.54,-0.16,-0.2,-0.04,1
Birds,Falco rupicoloides,Falconiformes,214,40,15,247.5,9.9,0.06,-0.11,-0.17,0.64
Birds,Falco sparverius,Falconiformes,116,40.2,25,113.8,7.49,-0.1,-0.09,0.01,0
Birds,Alectoris chukar,Galliformes,475,40.7,24,337.5,20.21,-0.02,0.03,0.05,0.58
Birds,Callipepla gambelii,Galliformes,125.5,40,34,130,21.67,-0.07,0.35,0.42,0.83
Birds,Coturnix chinensis,Galliformes,44.9,39,27,63.1,5.26,-0.09,-0.04,0.05,0
Birds,Coturnix coturnix,Galliformes,97,41.8,16,153.4,5.95,0.08,-0.15,-0.23,0.66
Birds,Coturnix japonica,Galliformes,166,39.5,25,255.7,17.63,0.15,0.2,0.05,1
Birds,Coturnix pectoralis,Galliformes,95.8,41.6,27,109.5,7.5,-0.07,-0.05,0.02,0
Birds,Lagopus leucura,Galliformes,326,39.9,6,406.3,11.99,0.16,-0.12,-0.28,0.42
Birds,Leipoa ocellata,Galliformes,1390,39.7,22,691.2,39.05,-0.01,0.08,0.09,0.88
Birds,Syrmaticus humiae,Galliformes,398.83,40.36,24.5,773.9,48.8,0.39,0.45,0.06,1
Birds,Aramides cajanea,Gruiformes,374.3,40.2,30,265.3,26.01,-0.06,0.19,0.25,0.76
Birds,Fulica atra,Gruiformes,387,39.6,20,404.9,20.66,0.11,0.08,-0.03,0
Birds,Gallinula mortierii,Gruiformes,954.4,39.4,15,548.3,22.47,-0.01,-0.08,-0.07,1
Birds,Gallinula tenebrosa,Gruiformes,512.4,39.4,17,402.5,17.97,0.03,-0.04,-0.07,0.58
Birds,Gallinula ventralis,Gruiformes,309.2,39.7,20,277.7,14.1,0.01,-0.03,-0.04,0.78
Birds,Gallirallus australis,Gruiformes,813.5,39,30,314.5,34.94,-0.21,0.15,0.36,0.41
Birds,Gallirallus owstoni,Gruiformes,198.8,40.2,29,157.7,14.08,-0.11,0.06,0.17,0.36
Birds,Gallirallus philippensis,Gruiformes,171.7,40.6,28,167.8,13.32,-0.04,0.07,0.11,0.64
Birds,Megacrex inepta,Gruiformes,856.6,38.6,18,230.9,11.21,-0.35,-0.36,-0.01,1
Birds,Porphyrio hochstetteri,Gruiformes,2758.3,39,9,1185,39.5,0.03,-0.07,-0.1,0.7
Birds,Porphyrio porphyrio,Gruiformes,919.3,39.6,14,636.2,24.85,0.07,-0.03,-0.1,0.29
Birds,Porzana cinerea,Gruiformes,47.9,38.9,28,85.1,7.81,0.02,0.12,0.1,1
Birds,Acridotheres cristatellus,Passeriformes,117.7,41.4,25,119.5,7.29,-0.08,-0.11,-0.03,1
Birds,Actitis hypoleucos,Passeriformes,41.1,40.3,23.8,89.9,5.45,0.09,0,-0.09,0.02
Birds,Aethopyga christinae,Passeriformes,5.2,39,27.6,24.9,2.18,0.11,0.06,-0.05,0
Birds,Aethopyga siparaja,Passeriformes,6.8,40.9,26,25.3,1.7,0.04,-0.11,-0.15,0.73
Birds,Amadina fasciata,Passeriformes,17.2,43.1,31,36.8,3.04,-0.06,-0.06,0,1
Birds,Anthreptes collaris,Passeriformes,8.3,38.5,25,29.2,2.16,0.04,-0.05,-0.09,0.55
Birds,Aphelocoma coerulescens,Passeriformes,78.72,41.5,12.4,165.4,5.68,0.17,-0.13,-0.3,0.43
Birds,Astrapia stephaniae,Passeriformes,148.2,41.4,26,277.2,18,0.22,0.23,0.01,1
Birds,Bombycilla garrulus,Passeriformes,64.9,40.5,18,143.6,6.38,0.16,-0.03,-0.19,0.17
Birds,Cardinalis cardinalis,Passeriformes,41,38.9,29,86.5,8.74,0.07,0.2,0.13,1
Birds,Cardinalis sinuatus,Passeriformes,32,38.7,30,67.4,7.75,0.03,0.21,0.18,1
Birds,Carduelis flammea,Passeriformes,14.7,40.48,13,59.8,2.18,0.2,-0.17,-0.37,0.46
Birds,Carduelis pinus,Passeriformes,13.8,38.8,23,59.3,3.75,0.21,0.08,-0.13,0
Birds,Carduelis tristis,Passeriformes,12.8,39.3,23,52.1,3.2,0.18,0.02,-0.16,0
Birds,Carpodacus cassinii,Passeriformes,27.4,39,22,58.3,3.43,0.01,-0.11,-0.12,0.92
Birds,Carpodacus mexicanus,Passeriformes,20.4,39,22,53.5,3.15,0.06,-0.08,-0.14,0.59
Birds,Carpodacus purpureus,Passeriformes,34,39,30,146.3,16.26,0.35,0.52,0.17,1
Birds,Carpodacus roseus,Passeriformes,22.5,40.46,22.5,92.5,5.15,0.27,0.11,-0.16,0
Birds,Cicinnurus magnificus,Passeriformes,82.3,40.4,20,135.8,6.66,0.07,-0.07,-0.14,0.49
Birds,Cicinnurus regius,Passeriformes,54,40.4,20,100.4,4.92,0.06,-0.11,-0.17,0.64
Birds,Cnemophilus loriae,Passeriformes,78.1,38.6,20,113.8,6.12,0.01,-0.09,-0.1,0.9
Birds,Coccothraustes vespertinus,Passeriformes,60,39,16,143.4,6.23,0.18,-0.03,-0.21,0.13
Birds,Coereba flaveola,Passeriformes,10,40.7,25,36.8,2.34,0.09,-0.06,-0.15,0.38
Birds,Corvus corax,Passeriformes,1203,41,1,946.5,23.66,0.16,-0.11,-0.27,0.41
Birds,Cyanerpes cyaneus,Passeriformes,13.5,40.22,25,46.8,3.07,0.11,0,-0.11,0.03
Birds,Cyanocitta cristata,Passeriformes,80.8,40.3,19,143.4,6.73,0.1,-0.06,-0.16,0.37
Birds,Emberiza chrysophrys,Passeriformes,15.94,40.58,25,55.4,3.56,0.14,0.02,-0.12,0
Birds,Emberiza citrinella,Passeriformes,26.8,39.8,25,75,5.07,0.13,0.06,-0.07,0
Birds,Emberiza hortulana,Passeriformes,24.3,39.5,32,71.7,9.56,0.13,0.36,0.23,1
Birds,Emberiza pusilla,Passeriformes,11.3,39.8,20,45.2,2.28,0.15,-0.09,-0.24,0.38
Birds,Emberiza rutila,Passeriformes,15.3,39.5,25,58.3,4.02,0.17,0.09,-0.08,0
Birds,Emberiza spodocephala,Passeriformes,15.1,40.3,20,68.4,3.37,0.25,0.01,-0.24,0
Birds,Epimachus meyeri,Passeriformes,202.7,41,18,316.9,13.78,0.19,0.05,-0.14,0
Birds,Eremalauda dunni,Passeriformes,20.6,40,31.5,47.8,5.62,0.01,0.16,0.15,1
Birds,Eremiornis carteri,Passeriformes,12.3,39.1,30,34.1,3.75,0,0.1,0.1,1
Birds,Eremophila alpestris,Passeriformes,26,42,26,56.6,3.54,0.01,-0.09,-0.1,0.9
Birds,Erythrura gouldiae,Passeriformes,15.5,42.1,31.7,37.4,3.6,-0.02,0.03,0.05,0.63
Birds,Estrilda melpoda,Passeriformes,7.5,43,35,22.5,2.81,-0.04,0.09,0.13,0.69
Birds,Fringilla montifringilla,Passeriformes,21,40.4,25,66,4.29,0.14,0.04,-0.1,0
Birds,Hylophylax naevioides,Passeriformes,16.1,40,30,41.1,4.11,0.01,0.08,0.07,1
Birds,Icterus bullockii,Passeriformes,34,40,27,86.5,6.65,0.12,0.13,0.01,1
Birds,Icterus galbula,Passeriformes,34,39.8,27,86.5,6.76,0.12,0.13,0.01,1
Birds,Lanius collaris,Passeriformes,43.8,40,25,32,2.13,-0.38,-0.42,-0.04,1
Birds,Lanius excubitor,Passeriformes,60,39.73,30,92.7,9.53,-0.01,0.16,0.17,0.94
Birds,Lichenostomus virescens,Passeriformes,25,40,33,51.1,7.3,-0.02,0.24,0.26,0.92
Birds,Lichmera indistincta,Passeriformes,10.1,40.4,30,36.3,3.49,0.09,0.12,0.03,1
Birds,Lonchura fuscans,Passeriformes,9.5,38.9,30,17.2,1.93,-0.22,-0.13,0.09,0
Birds,Lophorina superba,Passeriformes,74.6,40.5,19,124.3,5.78,0.06,-0.11,-0.17,0.64
Birds,Loxia curvirostra,Passeriformes,29.4,39.5,15,87,3.55,0.17,-0.11,-0.28,0.4
Birds,Loxia leucoptera,Passeriformes,29.8,39.5,14,78.4,3.07,0.12,-0.18,-0.3,0.6
Birds,Lullula arborea,Passeriformes,25.5,40,27.6,98.5,7.94,0.26,0.27,0.01,1
Birds,Malurus cyaneus,Passeriformes,8.2,41,26,24.9,1.66,-0.02,-0.16,-0.14,1
Birds,Manacus vitellinus,Passeriformes,15.5,37.9,26,40.2,3.38,0.01,0.01,0,0
Birds,Manucodia chalybatus,Passeriformes,177.2,40.5,20,236.1,11.52,0.1,0,-0.1,0
Birds,Manucodia keraudrenii,Passeriformes,170.7,40.4,25,206,13.38,0.05,0.07,0.02,1
Birds,Nectarinia bifasciata,Passeriformes,6.2,39,24,15.8,1.05,-0.14,-0.3,-0.16,1
Birds,Nectarinia cuprea,Passeriformes,7.1,41,31,25.4,2.54,0.03,0.06,0.03,1
Birds,Nectarinia kilimensis,Passeriformes,16.2,40,25,44.9,2.99,0.05,-0.06,-0.11,0.53
Birds,Nectarinia senegalensis,Passeriformes,13.7,40,30,41.1,4.11,0.05,0.12,0.07,1
Birds,Nectarinia tacazze,Passeriformes,13.5,41.4,25,42.1,2.57,0.07,-0.08,-0.15,0.54
Birds,Nectarinia venusta,Passeriformes,7.6,40,25,25.8,1.72,0.02,-0.13,-0.15,0.87
Birds,Onychognathus morio,Passeriformes,128,39.1,15,221.3,9.18,0.16,-0.03,-0.19,0.14
Birds,Onychognathus tristramii,Passeriformes,123,40.6,21.5,196,10.26,0.12,0.03,-0.09,0
Birds,Padda oryzivora,Passeriformes,24.9,42.5,31,51.1,4.44,-0.02,0.02,0.04,0.51
Birds,Paradisaea raggiana,Passeriformes,215.7,39.7,16,322.7,13.62,0.18,0.03,-0.15,0
Birds,Paradisaea rudolphi,Passeriformes,156.1,40.5,17,262,11.15,0.18,0.01,-0.17,0
Birds,Parotia lawesii,Passeriformes,144.9,39.1,17,206,9.32,0.09,-0.05,-0.14,0.34
Birds,Parotia wahnesi,Passeriformes,164.2,39.7,22,221.8,12.53,0.09,0.05,-0.04,0
Birds,Passer domesticus,Passeriformes,23,38.6,20,63.1,3.39,0.09,-0.08,-0.17,0.47
Birds,Phytotoma rara,Passeriformes,41.6,40.2,22,98.5,5.41,0.12,-0.01,-0.13,0.05
Birds,Pica nuttalli,Passeriformes,151.9,39.4,13.5,252.4,9.75,0.17,-0.04,-0.21,0.18
Birds,Pica pica,Passeriformes,158.9,39.5,21,206,11.14,0.07,0.01,-0.06,0
Birds,Pipra mentalis,Passeriformes,12.3,37.9,26,33.5,2.82,-0.01,-0.02,-0.01,1
Birds,Ptiloris magnificus,Passeriformes,179.4,38.6,22,258.1,15.55,0.13,0.13,0,0
Birds,Pycnonotus sinensis,Passeriformes,25.6,40.3,26.6,66.9,4.88,0.09,0.06,-0.03,0
Birds,Saltator coerulescens,Passeriformes,47,39.4,27,66.9,5.4,-0.08,-0.04,0.04,0
Birds,Saltator orenocensis,Passeriformes,32.7,38.8,27.7,54,4.86,-0.07,0,0.07,0
Birds,Sporophila corvina,Passeriformes,11,39.67,28.9,33.9,3.15,0.03,0.05,0.02,1
Birds,Sturnus sericeus,Passeriformes,64.9,40.5,27.6,153,11.86,0.19,0.24,0.05,1
Birds,Syrmaticus ellioti,Passeriformes,388.25,40.47,23,504.8,28.9,0.21,0.23,0.02,1
Birds,Taeniopygia guttata,Passeriformes,11.7,39.8,30,35.4,3.61,0.03,0.1,0.07,1
Birds,Thryothorus ludovicianus,Passeriformes,14.9,39.4,27,61.7,4.98,0.21,0.18,-0.03,0
Birds,Zonotrichia leucophrys,Passeriformes,28.6,41,23,66,3.67,0.05,-0.09,-0.14,0.65
Birds,Zosterops erythropleurus,Passeriformes,9.16,40.58,25,40.6,2.61,0.16,0.01,-0.15,0
Birds,Zosterops lateralis,Passeriformes,11.8,40.3,29,27.7,2.45,-0.08,-0.07,0.01,0
Birds,Anhinga anhinga,Pelecaniformes,1040,39.7,26,549.2,40.09,-0.03,0.15,0.18,0.83
Birds,Phalacrocorax auritus,Pelecaniformes,1330,39.5,17.5,945,42.95,0.13,0.13,0,0
Birds,Aulacorhynchus prasinus,Piciformes,174.7,38.1,23,142.9,9.46,-0.12,-0.08,0.04,0
Birds,Aulacorhynchus sulcatus,Piciformes,131.7,38.8,23,116.6,7.38,-0.13,-0.13,0,0
Birds,Pteroglossus aracari,Piciformes,200.7,40.9,29,153,12.86,-0.13,0.02,0.15,0.14
Birds,Ramphastos dicolorus,Piciformes,328.9,39.2,20,217.5,11.33,-0.11,-0.14,-0.03,1
Birds,Ramphastos toco,Piciformes,582,39.1,17,416.8,18.86,0.01,-0.05,-0.06,0.83
Birds,Ramphastos tucanus,Piciformes,420.3,39.6,25,294,20.14,-0.05,0.05,0.1,0.51
Birds,Selenidera maculirostris,Piciformes,130.5,38.6,24,186.4,12.77,0.08,0.11,0.03,1
Birds,Podiceps nigricollis,Podicipediformes,317,39.6,15,368.5,14.98,0.13,-0.01,-0.14,0.09
Birds,Fulmarus glacialis,Procellariiformes,651,39.9,9,622.4,20.14,0.15,-0.04,-0.19,0.23
Birds,Oceanites oceanicus,Procellariiformes,42.2,39.7,15,82.2,3.33,0.04,-0.22,-0.26,0.85
Birds,Puffinus pacificus,Procellariiformes,367,39.3,23,400.6,24.58,0.12,0.17,0.05,1
Birds,Amazona viridigenalis,Psittaciformes,341,41.1,26.5,344.2,23.58,0.08,0.17,0.09,1
Birds,Bolborhynchus lineola,Psittaciformes,55.7,40.4,28,107.1,8.64,0.08,0.13,0.05,1
Birds,Cacatua roseicapilla,Psittaciformes,271,39,22,240.9,14.17,-0.01,0,0.01,0
Birds,Cyanoramphus auriceps,Psittaciformes,52.9,38.1,22,84.6,5.25,-0.01,-0.07,-0.06,1
Birds,Cyanoramphus novaezelandiae,Psittaciformes,56.1,37.9,22,90.3,5.68,0,-0.05,-0.05,1
Birds,Cyanoramphus unicolor,Psittaciformes,129.4,40.2,18,185.9,8.37,0.08,-0.07,-0.15,0.46
Birds,Neophema elegans,Psittaciformes,42.02,40,21.2,100.4,5.34,0.13,-0.01,-0.14,0.1
Birds,Neophema pulchella,Psittaciformes,40,40,28.3,94.2,8.05,0.11,0.17,0.06,1
Birds,Neophema splendida,Psittaciformes,40.86,40,26,90.8,6.49,0.09,0.08,-0.01,0
Birds,Nestor meridionalis,Psittaciformes,369.3,39.7,15,368.5,14.92,0.08,-0.05,-0.13,0.38
Birds,Nestor notabilis,Psittaciformes,836.9,39.5,5,763.9,22.14,0.17,-0.06,-0.23,0.26
Birds,Aptenodytes patagonicus,Sphenisciformes,11080,37.5,-5,3760.5,88.48,0.14,-0.03,-0.17,0.16
Birds,Spheniscus humboldti,Sphenisciformes,3870,39,2,1631.9,44.11,0.07,-0.1,-0.17,0.58
Birds,Aegolius acadicus,Strigiformes,118.1,39,24,117.1,7.81,-0.09,-0.08,0.01,0
Birds,Aegolius funereus,Strigiformes,130,39.4,10,194.6,6.62,0.1,-0.17,-0.27,0.63
Birds,Athene cunicularia,Strigiformes,146.7,38,25,133.8,10.29,-0.1,-0.01,0.09,0
Birds,Bubo virginianus,Strigiformes,1000,39.9,20.3,746.7,38.1,0.11,0.14,0.03,1
Birds,Glaucidium gnoma,Strigiformes,52,39,27,71.7,5.98,-0.08,-0.01,0.07,0
Birds,Megascops asio,Strigiformes,141.5,39,26,85.1,6.55,-0.28,-0.19,0.09,0
Birds,Megascops trichopsis,Strigiformes,119,37,27,79.3,7.93,-0.27,-0.07,0.2,0
Birds,Micrathene whitneyi,Strigiformes,45,39,30,43.5,4.83,-0.25,-0.07,0.18,0
Birds,Otus leucotis,Strigiformes,221.1,38.9,20,126.7,6.7,-0.24,-0.28,-0.04,1
Birds,Strix occidentalis,Strigiformes,571,38.5,17,460.3,21.41,0.06,0.01,-0.05,0
Birds,Tyto alba,Strigiformes,533.2,37.8,22.5,308.8,20.18,-0.1,0,0.1,0.01
Birds,Archilochus alexandri,Trochiliformes,3.3,40,27,8.1,0.62,-0.25,-0.39,-0.14,1
Birds,Calypte anna,Trochiliformes,4.5,42,33,12,1.33,-0.17,-0.12,0.05,0
Birds,Patagona gigas,Trochiliformes,19.1,39,27,49.2,4.1,0.04,0.04,0,1
Birds,Selasphorus rufus,Trochiliformes,3.8,40,29,13.3,1.21,-0.08,-0.13,-0.05,1
Birds,Selasphorus sasin,Trochiliformes,3.7,40,30,11.5,1.15,-0.13,-0.14,-0.01,1
Birds,Stellula calliope,Trochiliformes,3,40,36,9.9,2.48,-0.14,0.23,0.37,0.63
Birds,Turnix suscitator,Turniciformes,58.1,39,33,66.4,11.07,-0.14,0.23,0.37,0.62